round_id,selection_order,variant_id,variant,mutation_notation,selection_arm,acquisition_score,knowledge_score,dry_validation_fitness,dry_validation_sd,wet_fitness,rethink_verdict,rethink_summary
1,1,sha256:58db15f5f6e207865de082faa5d9241d2d78b00a2dc808b9d0b85fb6271e1861,VWGA,D40W;V54A,hypothesis_target,2.5587407147544936,0.4152654455839655,1.94069242477417,0.7243849039077759,2.01352184821,support,Revealed value 2.014 versus visible baseline 0.1079; eight dimensions reviewed.
1,2,sha256:cf449dbb455b9543d6bffd87d2cd22f6b390f3058c5170b6318e5040caf50085,CYFV,V39C;D40Y;G41F,hypothesis_target,2.130295118106182,0.54799644851715,1.198920965194702,0.747815728187561,0.207726316909,support,Revealed value 0.2077 versus visible baseline 0.1079; eight dimensions reviewed.
1,3,sha256:84edffd46cf58545dc887d21540771c0ef3b7db438daa8c07f982f06c3d41b58,IWGA,V39I;D40W;V54A,hypothesis_target,2.168897955131769,0.3904154931005994,2.407356739044189,0.7655176520347595,2.34593175792,support,Revealed value 2.346 versus visible baseline 0.1079; eight dimensions reviewed.
1,4,sha256:c4bc985fd472eebf2ccb488451ff8561617973c5b07b6acf76ecf4506257e1f1,VYCV,D40Y;G41C,hypothesis_target,2.141438064647365,0.5442835478171828,1.5779073238372805,0.6797440052032471,0.143239531761,support,Revealed value 0.1432 versus visible baseline 0.1079; eight dimensions reviewed.
1,5,sha256:0adf77c74f56c815841b993efabc5455480db2203f6783cc39c0077098912fb9,CYCV,V39C;D40Y;G41C,hypothesis_target,2.130055917542027,0.5476284476492195,1.5465261936187744,0.7564656734466553,0.0424935402808,mixed,Revealed value 0.04249 versus visible baseline 0.1079; eight dimensions reviewed.
2,1,sha256:282c746d9d7f82d04202e51273b56b0bf26d3e2daadf2ebc9a91b92418a813ff,VWAA,D40W;G41A;V54A,hypothesis_target,2.4651852938577243,0.7257273714640058,3.548892974853516,0.7451406121253967,6.12380479492,support,Revealed value 6.124 versus visible baseline 0.149; eight dimensions reviewed.
2,2,sha256:71fa7a1b62fcce82fb23f4fa072b9ba65e442d2e9182a3497bef9291b088b1bc,VHAA,D40H;G41A;V54A,hypothesis_target,2.34659746558906,0.7382586213760876,4.408753871917725,0.61669921875,5.11062351873,support,Revealed value 5.111 versus visible baseline 0.149; eight dimensions reviewed.
2,3,sha256:44d6266fc3e431a843e6063206b6466d9041f52cf887446e0bbb69b0784da309,IFAA,V39I;D40F;G41A;V54A,hypothesis_target,2.314207664427487,0.6671426387941585,3.6728248596191406,0.7144824266433716,3.75979387992,support,Revealed value 3.76 versus visible baseline 0.149; eight dimensions reviewed.
2,4,sha256:6f3806ab0abd963bc7bf42080c055881eea79f9a3593d109c7072a279f2466c7,IWAA,V39I;D40W;G41A;V54A,hypothesis_target,2.3372946934058123,0.7246781766748258,3.305259227752685,0.7532177567481995,6.04207763853,support,Revealed value 6.042 versus visible baseline 0.149; eight dimensions reviewed.
2,5,sha256:db993d0def1c506b66231478c2abf5b56947c0cdb9b8775881ab6efd20121d52,VHAC,D40H;G41A;V54C,hypothesis_target,2.5280778796755667,0.5398082268351111,1.4837138652801514,0.8846048712730408,3.28257618957,support,Revealed value 3.283 versus visible baseline 0.149; eight dimensions reviewed.
3,1,sha256:07f367d62356cd59fa9f0d92ad74256f0145c30b75caefcb405675e0d1ee1395,IWAK,V39I;D40W;G41A;V54K,hypothesis_target,2.524736362782776,0.7920810933668245,2.3145911693573,0.9897096157073976,0.00239374091538,mixed,Revealed value 0.002394 versus visible baseline 0.2151; eight dimensions reviewed.
3,2,sha256:5babf2b6423cf2918f565b10ec4b18f8d8ff16fffdea2e5aea3a4959556d203c,VWAM,D40W;G41A;V54M,hypothesis_target,2.429695460626828,0.8017477473838948,2.8496899604797363,0.8340581059455872,3.19099446165,support,Revealed value 3.191 versus visible baseline 0.2151; eight dimensions reviewed.
3,3,sha256:dfdc3fdb68d76b89a061be9f42cdbd3a3bd1cbe326bedd1beb81bebbbee1c274,IHAI,V39I;D40H;G41A;V54I,hypothesis_target,2.4203705589031275,0.7838781379380778,1.02066969871521,1.0136945247650146,0.678979170328,support,Revealed value 0.679 versus visible baseline 0.2151; eight dimensions reviewed.
3,4,sha256:0a4acd622099a460caec91402ba8a363d8f1a2d713baa8a1449a928ef47a8d51,VWAI,D40W;G41A;V54I,hypothesis_target,2.425603881743097,0.795453010639694,1.4854027032852173,0.7901235818862915,0.434634242232,support,Revealed value 0.4346 versus visible baseline 0.2151; eight dimensions reviewed.
3,5,sha256:d9ca3c99d07ca1c5110086cd078ca54147042a4f58b409a34483090d06c17744,IHAY,V39I;D40H;G41A;V54Y,hypothesis_target,2.4052138473697706,0.7604430767135089,2.2927043437957764,0.8939075469970703,0.013108333404,mixed,Revealed value 0.01311 versus visible baseline 0.2151; eight dimensions reviewed.
