condition,fold,round_id,module,plugin,calibration_status,visible_observations,training_observations,calibration_observations,exploitation_quota,exploration_quota,knowledge_quota,exploitation_selected,exploration_selected,knowledge_selected,selected_total
kg_base_al,0,1,lightweight_calibrated_hybrid,hybrid_batch,calibrated,96,76,20,8,4,4,8,4,4,16
kg_base_al,0,2,lightweight_calibrated_hybrid,hybrid_batch,calibrated,112,89,23,8,4,4,8,4,4,16
kg_base_al,0,3,lightweight_calibrated_hybrid,hybrid_batch,calibrated,128,102,26,8,4,4,8,4,4,16
kg_base_al,1,1,lightweight_calibrated_hybrid,hybrid_batch,calibrated,96,76,20,8,4,4,8,4,4,16
kg_base_al,1,2,lightweight_calibrated_hybrid,hybrid_batch,calibrated,112,89,23,8,4,4,8,4,4,16
kg_base_al,1,3,lightweight_calibrated_hybrid,hybrid_batch,calibrated,128,102,26,8,4,4,8,4,4,16
kg_base_al,2,1,lightweight_calibrated_hybrid,hybrid_batch,calibrated,96,76,20,8,4,4,8,4,4,16
kg_base_al,2,2,lightweight_calibrated_hybrid,hybrid_batch,calibrated,112,89,23,8,4,4,8,4,4,16
kg_base_al,2,3,lightweight_calibrated_hybrid,hybrid_batch,calibrated,128,102,26,8,4,4,8,4,4,16
