condition,fold,seed,run_id,round_id,selection_order,variant_id,variant,mutation_notation,mutation_count,wet_fitness,fitness_mean,fitness_std,dry_wet_gap,acquisition_score,knowledge_score,design_score,selection_driver,hypothesis_id,reason,rethink_verdict,rethink_summary,evidence_count,evidence_ids,evidence_type,evidence_channel,evidence_source_group,evidence_quality_status,evidence_statement,run_path,wet_percentile_within_condition,acquisition_percentile_within_condition,surprise_score,selected_case,shortlist_case
agent_only,0,11,knowledge_agent-s11-f00-GB1-hierarchical-agent_only-f00-20260821T110701100144Z,2,3,sha256:cad29236742d162b31dab9d4587a36b7578ea8c4a2ed7c7ce6832b41dd8696a0,IYGC,V39I;D40Y;V54C,3,4.4857497292,3.80384802818,0.590270638466,-0.681901701017,1.715839473,0,1.715839473,kg_llm_uq,H02-00,"hypothesis=1.000; evidence=0.000; temporal_prior=0.000; gp_coverage_uncertainty=0.954; predictor_component=0.000; fitness_predictors_enabled=False; hypotheses_considered=2 Critic: The batch aligns with the closed-pool agent_uq route: all 16 candidates are drawn from the allowed pool, deterministic validation reports no conflicts, and each candidate's intent (hypothesis_target, matched_control, coverage_exploration, fallback) is consistent with its mutations. Soft-prior mismatches in S09, S10, S11, and S13 are descriptive only and do not warrant exclusion. Control feasibility is FEASIBLE with 2 selected controls, and diversity threshold is satisfied (min pairwise Hamming 1 >= 1). The falsification spec is compiled and executable with a clear comparator, direction, and missing-data policy. No evidence is available, but RAG/KG are disabled, so this is not penalized. The hypothesis is reasonable and the batch is ready for submission.",support,Revealed value 4.486 versus visible baseline 0.1939; eight dimensions reviewed.,0,[],,,,,,artifacts/hierarchical-scientist-kg_3features_base_agent_only/runs/knowledge_agent-s11-f00-GB1-hierarchical-agent_only-f00-20260821T110701100144Z,0.996527777778,0.743055555556,-1.21444204597,agent_only_positive,positive
agent_only,1,11,knowledge_agent-s11-f01-GB1-hierarchical-agent_only-f01-20260821T110701107153Z,1,12,sha256:d09c6087daba6b9a03fde1c1b06b1bc2e0169a7b7389b3adadb2578e1d0a56ee,IFHA,V39I;D40F;G41H;V54A,4,0.00316250001705,1.73599767685,0.781078517437,1.73283517683,1.51031358758,0,1.51031358758,kg_llm_uq,H01-00,"hypothesis=0.750; evidence=0.000; temporal_prior=0.000; gp_coverage_uncertainty=1.014; predictor_component=0.000; fitness_predictors_enabled=False; hypotheses_considered=1 Critic: The batch aligns with the closed-pool agent_uq route: all 16 candidates are drawn from the allowed pool, deterministic validation reports no conflicts, and the falsification spec is compiled and ready. Controls S09 and S10 are feasible and selected as requested; diversity threshold is satisfied. Soft-prior mismatches in S09-S13 are descriptive and do not warrant exclusion. Predictions are not decision-eligible, so no model signals are used. The hypothesis is reasonable and the batch is executable.",mixed,Revealed value 0.003163 versus visible baseline 0.1079; eight dimensions reviewed.,0,[],,,,,,artifacts/hierarchical-scientist-kg_3features_base_agent_only/runs/knowledge_agent-s11-f01-GB1-hierarchical-agent_only-f01-20260821T110701107153Z,0.0486111111111,0.527777777778,1.09864126864,agent_only_negative,negative
kg_3features_base,2,11,knowledge_agent-s11-f02-GB1-hierarchical-kg_3features_base-f02-20260821T111821854847Z,2,1,sha256:282c746d9d7f82d04202e51273b56b0bf26d3e2daadf2ebc9a91b92418a813ff,VWAA,D40W;G41A;V54A,3,6.12380479492,3.54889297485,0.745140612125,-2.57491182007,2.46518529386,0.725727371464,2.46518529386,kg_llm_uq,H02-01,"hypothesis=1.000; evidence=0.726; temporal_prior=0.645; gp_coverage_uncertainty=0.636; predictor_component=0.000; fitness_predictors_enabled=False; hypotheses_considered=2 Critic: The batch aligns with the hypothesis's soft preferences and includes matched controls and exploration arms. Deterministic conflicts are evidence-polarity warnings, not hard failures. Control feasibility and diversity thresholds are met. Falsification spec is complete and ready.",support,Revealed value 6.124 versus visible baseline 0.149; eight dimensions reviewed.,1,"[""E0:physchem:sha256:282c746d9d7f82d04202e51273b56b0bf26d3e2daadf2ebc9a91b92418a813ff"",""E0:conservation:sha256:282c746d9d7f82d04202e51273b56b0bf26d3e2daadf2ebc9a91b92418a813ff"",""E0:structure:sha256:282c746d9d7f82d04202e51273b56b0bf26d3e2daadf2ebc9a91b92418a813ff"",""E2:kg:sha256:282c746d9d7f82d04202e51273b56b0bf26d3e2daadf2ebc9a91b92418a813ff""]",measured_aggregate,kg,unknown,ok,context-bound residue observation score=0.726; support=23,artifacts/hierarchical-scientist-kg_3features_base_agent_only/runs/knowledge_agent-s11-f02-GB1-hierarchical-kg_3features_base-f02-20260821T111821854847Z,1,0.881944444444,-1.90541719218,feature_base_positive,positive
kg_3features_base,0,11,knowledge_agent-s11-f00-GB1-hierarchical-kg_3features_base-f00-20260821T110701100360Z,2,12,sha256:3301220f945eb392177e99fb50ed782e06ae93293a307116a7cd2a5e7b32672c,LYWC,V39L;D40Y;G41W;V54C,4,0.0197537538603,3.40496277809,0.714672088623,3.38520902423,2.54212626844,0.792407272429,2.54212626844,kg_llm_uq,H02-00,"hypothesis=0.750; evidence=0.792; temporal_prior=0.676; gp_coverage_uncertainty=0.982; predictor_component=0.000; fitness_predictors_enabled=False; hypotheses_considered=2 Critic: The batch aligns with the soft four-position prior, uses only allowed pool candidates, and includes matched controls and coverage exploration. Deterministic conflicts are non-hard warnings. Falsification spec is executable and ready.",mixed,Revealed value 0.01975 versus visible baseline 0.1939; eight dimensions reviewed.,1,"[""E0:physchem:sha256:3301220f945eb392177e99fb50ed782e06ae93293a307116a7cd2a5e7b32672c"",""E0:conservation:sha256:3301220f945eb392177e99fb50ed782e06ae93293a307116a7cd2a5e7b32672c"",""E0:structure:sha256:3301220f945eb392177e99fb50ed782e06ae93293a307116a7cd2a5e7b32672c"",""E2:kg:sha256:3301220f945eb392177e99fb50ed782e06ae93293a307116a7cd2a5e7b32672c""]",measured_aggregate,kg,unknown,ok,context-bound residue observation score=0.792; support=20,artifacts/hierarchical-scientist-kg_3features_base_agent_only/runs/knowledge_agent-s11-f00-GB1-hierarchical-kg_3features_base-f00-20260821T110701100360Z,0.208333333333,0.951388888889,4.3400656048,feature_base_negative,negative
kg_3features_rag,0,11,knowledge_agent-s11-f00-GB1-hierarchical-kg_3features_rag-f00-20260821T102504288673Z,1,12,sha256:8adcc9749599afd1dcad3ef9086feca9afaac8e0654ab85131de9e30f5b67919,LYGV,V39L;D40Y,2,5.07529943739,4.17281150818,0.486351132393,-0.902487929211,1.43662974971,0.671738076482,1.43662974971,kg_llm_uq,H01-00,"hypothesis=1.000; evidence=0.672; temporal_prior=0.000; gp_coverage_uncertainty=0.000; predictor_component=0.000; fitness_predictors_enabled=False; hypotheses_considered=1 Critic: The batch aligns with the soft four-position hypothesis, uses valid mutations within the closed pool, includes matched controls and evidence-prior arms, and satisfies diversity and control feasibility. Falsification spec is executable and ready. No blocking issues found.",support,Revealed value 5.075 versus visible baseline 0.1079; eight dimensions reviewed.,1,"[""E0:physchem:sha256:8adcc9749599afd1dcad3ef9086feca9afaac8e0654ab85131de9e30f5b67919"",""E0:conservation:sha256:8adcc9749599afd1dcad3ef9086feca9afaac8e0654ab85131de9e30f5b67919"",""E0:structure:sha256:8adcc9749599afd1dcad3ef9086feca9afaac8e0654ab85131de9e30f5b67919"",""E1:kg:sha256:8adcc9749599afd1dcad3ef9086feca9afaac8e0654ab85131de9e30f5b67919""]",measured_aggregate,kg,unknown,ok,context-bound residue observation score=0.672; support=3,artifacts/hierarchical-scientist-kg_3features_rag/runs/knowledge_agent-s11-f00-GB1-hierarchical-kg_3features_rag-f00-20260821T102504288673Z,0.993055555556,0.15625,-1.07515588381,feature_rag_positive,positive
kg_3features_rag,0,11,knowledge_agent-s11-f00-GB1-hierarchical-kg_3features_rag-f00-20260821T102504288673Z,3,2,sha256:2d73e07840bc6ebdf201d4a93a24215cffae22ab317036feebc9423419285769,VYGY,D40Y;V54Y,2,0.217005076481,2.07665014267,0.685795664787,1.85964506619,3.35941298906,0.696999505122,3.35941298906,kg_llm_uq,H03-00,"hypothesis=0.750; evidence=0.697; temporal_prior=0.825; gp_coverage_uncertainty=1.996; predictor_component=0.000; fitness_predictors_enabled=False; hypotheses_considered=3 Critic: The batch aligns with the hypothesis: positions 39, 40, 41, 54 are covered with preferred residues, controls S09/S10 are matched and feasible, diversity threshold satisfied, and falsification spec is compiled and ready. No deterministic conflicts or missing predictions.",mixed,Revealed value 0.217 versus visible baseline 0.2531; eight dimensions reviewed.,1,"[""E0:physchem:sha256:2d73e07840bc6ebdf201d4a93a24215cffae22ab317036feebc9423419285769"",""E0:conservation:sha256:2d73e07840bc6ebdf201d4a93a24215cffae22ab317036feebc9423419285769"",""E0:structure:sha256:2d73e07840bc6ebdf201d4a93a24215cffae22ab317036feebc9423419285769"",""E3:kg:sha256:2d73e07840bc6ebdf201d4a93a24215cffae22ab317036feebc9423419285769""]",measured_aggregate,kg,unknown,ok,context-bound residue observation score=0.697; support=13,artifacts/hierarchical-scientist-kg_3features_rag/runs/knowledge_agent-s11-f00-GB1-hierarchical-kg_3features_rag-f00-20260821T102504288673Z,0.243055555556,1,3.35597664749,feature_rag_negative,negative
kg_base,0,11,knowledge_agent-s11-f00-GB1-hierarchical-kg_base-f00-20260820T215844671400Z,3,1,sha256:a99dd68c2a78a39df23531f52ef6e3d0d0df77c174722a7a56d625640b4c5ce0,LWAA,V39L;D40W;G41A;V54A,4,6.02748854644,1.1660091877,0.72153621912,-4.86147935874,2.16309285273,0.552312839598,2.16309285273,kg_llm_uq,H03-00,"hypothesis=0.750; evidence=0.552; temporal_prior=0.387; gp_coverage_uncertainty=0.993; predictor_component=0.000; fitness_predictors_enabled=False; hypotheses_considered=3 Critic: The closed-pool agent_uq batch is internally consistent: all 16 candidates are valid within the allowed positions, deterministic conflicts are absent, and the falsification spec is executable with a clear comparator and missing-data policy. Control feasibility and diversity receipts are satisfied, so no control or diversity changes are required. Soft-prior mismatches are descriptive only and do not justify exclusions. KG evidence is visible and supports the hypothesis direction, though it is association-only and confounded by epistasis, which is appropriately acknowledged. The batch includes matched controls and coverage exploration arms, preserving informative uncertainty. No required changes remain; the proposal is reasonable and falsification-ready.",support,Revealed value 6.027 versus visible baseline 0.198; eight dimensions reviewed.,1,"[""E3:kg:sha256:a99dd68c2a78a39df23531f52ef6e3d0d0df77c174722a7a56d625640b4c5ce0""]",measured_aggregate,kg,unknown,ok,context-bound residue observation score=0.552; support=38,artifacts/hierarchical-scientist-kg_base_kg_base_rag_kg_base_al/runs/knowledge_agent-s11-f00-GB1-hierarchical-kg_base-f00-20260820T215844671400Z,1,0.840277777778,-4.65488182041,positive,positive
kg_base,0,11,knowledge_agent-s11-f00-GB1-hierarchical-kg_base-f00-20260820T215844671400Z,2,13,sha256:62a67680271648f9fcda7a644465021ef43c61743ddab9a658e54f536459dd99,LFHC,V39L;D40F;G41H;V54C,4,0.00472557473812,2.07027673721,0.759562969208,2.06555116248,2.26538989873,0.625847490283,2.26538989873,kg_llm_uq,H02-00,"hypothesis=0.750; evidence=0.626; temporal_prior=0.465; gp_coverage_uncertainty=0.982; predictor_component=0.000; fitness_predictors_enabled=False; hypotheses_considered=2 Critic: The batch aligns with the closed-pool agent_uq route: all 16 candidates are drawn from the allowed pool, deterministic validation reports no conflicts, and each candidate carries a KG evidence card with visible provenance. Controls (S06, S07) are feasible and matched to S05, and diversity threshold is satisfied. Falsification spec is compiled and executable with a clear comparator and missing-data policy. Soft-prior mismatches are descriptive only and do not warrant exclusion. No required changes remain.",mixed,Revealed value 0.004726 versus visible baseline 0.1583; eight dimensions reviewed.,1,"[""E2:kg:sha256:62a67680271648f9fcda7a644465021ef43c61743ddab9a658e54f536459dd99""]",measured_aggregate,kg,unknown,ok,context-bound residue observation score=0.626; support=17,artifacts/hierarchical-scientist-kg_base_kg_base_rag_kg_base_al/runs/knowledge_agent-s11-f00-GB1-hierarchical-kg_base-f00-20260820T215844671400Z,0.0833333333333,0.909722222222,2.61081829506,,negative
kg_base_al,2,11,knowledge_agent-s11-f02-GB1-hierarchical-kg_base_al-f02-20260820T222618938269Z,3,3,sha256:67eafa8529a54ee33eb62dea181f14d69b8e8a6c3d3e0f3aca48fadeb52a484e,IWGM,V39I;D40W;V54M,3,5.2292463054,2.77803421021,0.686051905155,-2.45121209519,0.822580645161,0.758658274799,0.822580645161,active_learning:lightweight_calibrated_hybrid,H03-00,Calibrated posterior active-learning:visible_holdout_ensemble:n128:seed11; hybrid components: exploitation=0.903; exploration=0.516; knowledge=0.968; ood=0.250. Critic: The batch aligns with the soft prior (positions 39/40/54) and includes S09 with G41D to test the position-41 deleterious claim. All predictions are calibrated active-posterior with OOD=0.25 and no high disagreement. Deterministic conflict report is empty; diversity threshold satisfied; falsification spec is executable with 16 targets and comparator baseline. No required changes.,inconclusive,Revealed value 5.229 versus visible baseline 0.3771; eight dimensions reviewed.,1,"[""E3:kg:sha256:67eafa8529a54ee33eb62dea181f14d69b8e8a6c3d3e0f3aca48fadeb52a484e""]",measured_aggregate,kg,unknown,ok,context-bound residue observation score=0.759; support=24,artifacts/hierarchical-scientist-kg_base_kg_base_rag_kg_base_al/runs/knowledge_agent-s11-f02-GB1-hierarchical-kg_base_al-f02-20260820T222618938269Z,1,0.930555555556,-3.0911737488,,positive
kg_base_al,1,11,knowledge_agent-s11-f01-GB1-hierarchical-kg_base_al-f01-20260820T221313830308Z,2,3,sha256:861a2dc11c46cf766e9afdcad8413f2047ca1639a9c527f8917bd28241dacb1b,LYHV,V39L;D40Y;G41H,3,0.00648717952216,3.49648237228,0.54543954134,3.48999519276,0.83064516129,0.825357057359,0.83064516129,active_learning:lightweight_calibrated_hybrid,H02-00,"Calibrated posterior active-learning:visible_holdout_ensemble:n112:seed11; hybrid components: exploitation=0.935; exploration=0.484; knowledge=0.968; ood=0.250. Critic: The closed-pool active-learning batch is fully supported: all 16 candidates are decision-eligible calibrated posterior predictions with no OOD or disagreement flags, deterministic conflict report is empty, diversity threshold is satisfied, and the falsification spec is compiled and ready. Soft-prior mismatches (S02,S03,S05,S06,S08,S11) are descriptive only and do not justify exclusion. KG evidence is visible with appropriate warnings; no counterevidence or unresolved conflicts. The batch tests the stated median-lift objective with a clear comparator and missing-data policy.",mixed,Revealed value 0.006487 versus visible baseline 0.2337; eight dimensions reviewed.,1,"[""E2:kg:sha256:861a2dc11c46cf766e9afdcad8413f2047ca1639a9c527f8917bd28241dacb1b""]",measured_aggregate,kg,unknown,ok,context-bound residue observation score=0.825; support=17,artifacts/hierarchical-scientist-kg_base_kg_base_rag_kg_base_al/runs/knowledge_agent-s11-f01-GB1-hierarchical-kg_base_al-f01-20260820T221313830308Z,0.0277777777778,0.954861111111,3.07862267614,,negative
kg_base_rag,1,11,knowledge_agent-s11-f01-GB1-hierarchical-kg_base_rag-f01-20260820T221240262683Z,2,13,sha256:8adcc9749599afd1dcad3ef9086feca9afaac8e0654ab85131de9e30f5b67919,LYGV,V39L;D40Y,2,5.07529943739,4.66633605957,0.404168248177,-0.40896337782,1.87623354833,0.805895736615,1.87623354833,kg_llm_uq,H02-00,"hypothesis=0.885; evidence=0.806; temporal_prior=0.584; gp_coverage_uncertainty=0.000; predictor_component=0.000; fitness_predictors_enabled=False; hypotheses_considered=2 Critic: The batch is well-formed for the closed-pool agent_uq route. Deterministic conflict report is empty; all mutation notations are valid and within allowed positions. The hypothesis correctly treats preferred residues as soft priors, and no hard constraints are violated. Controls (S09, S10) are feasible and matched appropriately; diversity threshold is satisfied. Falsification spec is executable with clear comparator and missing-data policy. Predictions are not decision-eligible, so no model signals are used. Evidence cards support selection with adequate confidence. No required changes.",support,Revealed value 5.075 versus visible baseline 0.1583; eight dimensions reviewed.,1,"[""E2:kg:sha256:8adcc9749599afd1dcad3ef9086feca9afaac8e0654ab85131de9e30f5b67919""]",measured_aggregate,kg,unknown,ok,context-bound residue observation score=0.806; support=16,artifacts/hierarchical-scientist-kg_base_kg_base_rag_kg_base_al/runs/knowledge_agent-s11-f01-GB1-hierarchical-kg_base_rag-f01-20260820T221240262683Z,0.993055555556,0.486111111111,-0.0903044935043,,positive
kg_base_rag,2,11,knowledge_agent-s11-f02-GB1-hierarchical-kg_base_rag-f02-20260820T222600583330Z,3,7,sha256:88cbc7291ea9bf1b4b42b26e455c51f86bf3b3e3b643101cb3c88636ceda880e,LWTC,V39L;D40W;G41T;V54C,4,0.0145153167969,2.52680039406,0.647617638111,2.51228507726,2.51432055093,0.798519283766,2.51432055093,kg_llm_uq,H03-00,hypothesis=0.750; evidence=0.799; temporal_prior=0.732; gp_coverage_uncertainty=0.879; predictor_component=0.000; fitness_predictors_enabled=False; hypotheses_considered=3 Critic: The batch aligns with the hypothesis soft priors and includes matched controls and coverage exploration. Deterministic validation passed with no conflicts. Control feasibility and diversity thresholds are satisfied. Falsification spec is executable and ready. No required changes.,mixed,Revealed value 0.01452 versus visible baseline 0.2531; eight dimensions reviewed.,1,"[""E3:kg:sha256:88cbc7291ea9bf1b4b42b26e455c51f86bf3b3e3b643101cb3c88636ceda880e""]",measured_aggregate,kg,unknown,ok,context-bound residue observation score=0.799; support=34,artifacts/hierarchical-scientist-kg_base_kg_base_rag_kg_base_al/runs/knowledge_agent-s11-f02-GB1-hierarchical-kg_base_rag-f02-20260820T222600583330Z,0.138888888889,0.916666666667,3.42587832901,negative,negative
