condition,fold,round_id,run_id,receipt_type,arm,n,wet_mean,wet_median,wet_max,predicted_mean,fraction_le_0_05,fraction_ge_2
kg_base,0,1,knowledge_agent-s11-f00-GB1-hierarchical-kg_base-f00-20260820T215844671400Z,agent_uq_8_3_3_2,coverage_exploration,3,3.19591394873,3.50389826225,3.95087308632,2.48070351283,0,1
kg_base,0,1,knowledge_agent-s11-f00-GB1-hierarchical-kg_base-f00-20260820T215844671400Z,agent_uq_8_3_3_2,evidence_prior,3,0.812919078627,0.00485433699257,2.42935851199,1.98212488492,0.666666666667,0.333333333333
kg_base,0,1,knowledge_agent-s11-f00-GB1-hierarchical-kg_base-f00-20260820T215844671400Z,agent_uq_8_3_3_2,hypothesis_target,8,2.86058665339,2.39057503007,4.4857497292,2.67237210274,0,0.875
kg_base,0,1,knowledge_agent-s11-f00-GB1-hierarchical-kg_base-f00-20260820T215844671400Z,agent_uq_8_3_3_2,matched_control,2,0.0140342637479,0.0140342637479,0.0267015283197,1.03881338239,1,0
kg_base,0,2,knowledge_agent-s11-f00-GB1-hierarchical-kg_base-f00-20260820T215844671400Z,agent_uq_8_3_3_2,coverage_exploration,3,0.0287617588087,0.00918938294556,0.0723703187423,1.3286878864,0.666666666667,0
kg_base,0,2,knowledge_agent-s11-f00-GB1-hierarchical-kg_base-f00-20260820T215844671400Z,agent_uq_8_3_3_2,evidence_prior,3,0.922099170923,0.41809804656,2.15050001159,0.909474511941,0,0.333333333333
kg_base,0,2,knowledge_agent-s11-f00-GB1-hierarchical-kg_base-f00-20260820T215844671400Z,agent_uq_8_3_3_2,fallback_fill,3,1.03006885302,0.257720150643,2.82632723236,1.65317167838,0.333333333333,0.333333333333
kg_base,0,2,knowledge_agent-s11-f00-GB1-hierarchical-kg_base-f00-20260820T215844671400Z,agent_uq_8_3_3_2,hypothesis_target,5,3.12452135105,3.17097133842,3.35884837877,3.09942755699,0,1
kg_base,0,2,knowledge_agent-s11-f00-GB1-hierarchical-kg_base-f00-20260820T215844671400Z,agent_uq_8_3_3_2,matched_control,2,0.515376605757,0.515376605757,0.991030989077,0.783369094133,0.5,0
kg_base,0,3,knowledge_agent-s11-f00-GB1-hierarchical-kg_base-f00-20260820T215844671400Z,agent_uq_8_3_3_2,coverage_exploration,3,0.211433730144,0.00424465341522,0.628000912005,-0.000713487466176,0.666666666667,0
kg_base,0,3,knowledge_agent-s11-f00-GB1-hierarchical-kg_base-f00-20260820T215844671400Z,agent_uq_8_3_3_2,evidence_prior,3,1.67834425182,1.80231401446,1.85079929313,1.21174403032,0,0
kg_base,0,3,knowledge_agent-s11-f00-GB1-hierarchical-kg_base-f00-20260820T215844671400Z,agent_uq_8_3_3_2,hypothesis_target,8,1.55347403793,0.600627571348,6.02748854644,0.945765577257,0.5,0.25
kg_base,0,3,knowledge_agent-s11-f00-GB1-hierarchical-kg_base-f00-20260820T215844671400Z,agent_uq_8_3_3_2,matched_control,2,0.0148118981703,0.0148118981703,0.0256152649356,0.0611725449562,1,0
kg_base,1,1,knowledge_agent-s11-f01-GB1-hierarchical-kg_base-f01-20260820T220557763461Z,agent_uq_8_3_3_2,coverage_exploration,3,2.9909169511,2.84714007692,3.50389826225,2.12540856997,0,1
kg_base,1,1,knowledge_agent-s11-f01-GB1-hierarchical-kg_base-f01-20260820T220557763461Z,agent_uq_8_3_3_2,evidence_prior,3,2.97895402296,3.15234114828,3.31082193929,2.32652195295,0,1
kg_base,1,1,knowledge_agent-s11-f01-GB1-hierarchical-kg_base-f01-20260820T220557763461Z,agent_uq_8_3_3_2,hypothesis_target,8,2.80182924903,2.59114303243,4.4857497292,2.45747247338,0,0.875
kg_base,1,1,knowledge_agent-s11-f01-GB1-hierarchical-kg_base-f01-20260820T220557763461Z,agent_uq_8_3_3_2,matched_control,2,1.02104095288,1.02104095288,2.03773137664,0.596072167158,0.5,0.5
kg_base,1,2,knowledge_agent-s11-f01-GB1-hierarchical-kg_base-f01-20260820T220557763461Z,agent_uq_8_3_3_2,coverage_exploration,3,0.845018624431,0.0646128013623,2.46026283378,1.26863733927,0.333333333333,0.333333333333
kg_base,1,2,knowledge_agent-s11-f01-GB1-hierarchical-kg_base-f01-20260820T220557763461Z,agent_uq_8_3_3_2,evidence_prior,3,4.49649623187,4.38774529032,5.07529943739,4.09750787417,0,1
kg_base,1,2,knowledge_agent-s11-f01-GB1-hierarchical-kg_base-f01-20260820T220557763461Z,agent_uq_8_3_3_2,hypothesis_target,8,3.00286198264,3.13982668636,4.04596052161,3.0507478416,0,1
kg_base,1,2,knowledge_agent-s11-f01-GB1-hierarchical-kg_base-f01-20260820T220557763461Z,agent_uq_8_3_3_2,matched_control,2,0.494744137736,0.494744137736,0.581408643642,0.975534468889,0,0
kg_base,1,3,knowledge_agent-s11-f01-GB1-hierarchical-kg_base-f01-20260820T220557763461Z,agent_uq_8_3_3_2,coverage_exploration,3,0.0101234386179,0.00729268296615,0.0162821783056,0.639545162519,1,0
kg_base,1,3,knowledge_agent-s11-f01-GB1-hierarchical-kg_base-f01-20260820T220557763461Z,agent_uq_8_3_3_2,evidence_prior,3,0.0136093856187,0.0144254386743,0.0227304688726,1.76086699963,1,0
kg_base,1,3,knowledge_agent-s11-f01-GB1-hierarchical-kg_base-f01-20260820T220557763461Z,agent_uq_8_3_3_2,hypothesis_target,8,1.77977636801,1.68319061084,3.95087308632,2.13028912246,0,0.5
kg_base,1,3,knowledge_agent-s11-f01-GB1-hierarchical-kg_base-f01-20260820T220557763461Z,agent_uq_8_3_3_2,matched_control,2,1.33425806139,1.33425806139,2.65898610418,1.33199518919,0.5,0.5
kg_base,2,1,knowledge_agent-s11-f02-GB1-hierarchical-kg_base-f02-20260820T222047896228Z,agent_uq_8_3_3_2,coverage_exploration,3,2.34824473781,2.13297049761,3.44021840935,1.99977970123,0,0.666666666667
kg_base,2,1,knowledge_agent-s11-f02-GB1-hierarchical-kg_base-f02-20260820T222047896228Z,agent_uq_8_3_3_2,evidence_prior,3,3.22359034821,4.38774529032,5.07529943739,3.08379753431,0,0.666666666667
kg_base,2,1,knowledge_agent-s11-f02-GB1-hierarchical-kg_base-f02-20260820T222047896228Z,agent_uq_8_3_3_2,hypothesis_target,8,2.48482753438,2.60366529821,4.04596052161,2.76456198096,0,0.75
kg_base,2,1,knowledge_agent-s11-f02-GB1-hierarchical-kg_base-f02-20260820T222047896228Z,agent_uq_8_3_3_2,matched_control,2,0.0134354575888,0.0134354575888,0.0268709151776,0.773163378239,1,0
kg_base,2,2,knowledge_agent-s11-f02-GB1-hierarchical-kg_base-f02-20260820T222047896228Z,agent_uq_8_3_3_2,coverage_exploration,3,0.695910744547,0.0256152649356,2.0468347464,1.71728322903,0.666666666667,0.333333333333
kg_base,2,2,knowledge_agent-s11-f02-GB1-hierarchical-kg_base-f02-20260820T222047896228Z,agent_uq_8_3_3_2,evidence_prior,3,0.0257328217843,0.00840349847298,0.0644212966436,1.6043938001,0.666666666667,0
kg_base,2,2,knowledge_agent-s11-f02-GB1-hierarchical-kg_base-f02-20260820T222047896228Z,agent_uq_8_3_3_2,fallback_fill,5,0.337342427479,0.0152654009262,1.64189870025,1.24053307772,0.8,0
kg_base,2,2,knowledge_agent-s11-f02-GB1-hierarchical-kg_base-f02-20260820T222047896228Z,agent_uq_8_3_3_2,hypothesis_target,3,3.3740882255,3.16744549033,4.02906611368,3.21801273028,0,1
kg_base,2,2,knowledge_agent-s11-f02-GB1-hierarchical-kg_base-f02-20260820T222047896228Z,agent_uq_8_3_3_2,matched_control,2,1.19309701596,1.19309701596,1.38415205758,1.00750607252,0,0
kg_base,2,3,knowledge_agent-s11-f02-GB1-hierarchical-kg_base-f02-20260820T222047896228Z,agent_uq_8_3_3_2,coverage_exploration,3,0.900106138499,0.0267015283197,2.65898610418,0.751511484385,0.666666666667,0.333333333333
kg_base,2,3,knowledge_agent-s11-f02-GB1-hierarchical-kg_base-f02-20260820T222047896228Z,agent_uq_8_3_3_2,evidence_prior,3,1.10076906255,1.07408531207,1.34723972798,1.88733681043,0,0
kg_base,2,3,knowledge_agent-s11-f02-GB1-hierarchical-kg_base-f02-20260820T222047896228Z,agent_uq_8_3_3_2,hypothesis_target,8,1.46395162764,1.25858748442,3.60057588419,1.65603226423,0.25,0.5
kg_base,2,3,knowledge_agent-s11-f02-GB1-hierarchical-kg_base-f02-20260820T222047896228Z,agent_uq_8_3_3_2,matched_control,2,1.2950864444,1.2950864444,2.5805060492,0.626709878445,0.5,0.5
kg_base_al,0,1,knowledge_agent-s11-f00-GB1-hierarchical-kg_base_al-f00-20260820T215844624477Z,active_learning_8_4_4,exploitation,8,3.8566824169,3.75665006225,5.07529943739,3.2924567759,0,1
kg_base_al,0,1,knowledge_agent-s11-f00-GB1-hierarchical-kg_base_al-f00-20260820T215844624477Z,active_learning_8_4_4,exploration,4,2.52301065261,2.52601107405,3.56847515585,2.27350157499,0,0.75
kg_base_al,0,1,knowledge_agent-s11-f00-GB1-hierarchical-kg_base_al-f00-20260820T215844624477Z,active_learning_8_4_4,knowledge,4,3.84828391426,4.05401174833,4.4857497292,3.45449155569,0,1
kg_base_al,0,2,knowledge_agent-s11-f00-GB1-hierarchical-kg_base_al-f00-20260820T215844624477Z,active_learning_8_4_4,exploitation,8,3.12902162346,3.0172175534,4.11276429473,3.05809110403,0,1
kg_base_al,0,2,knowledge_agent-s11-f00-GB1-hierarchical-kg_base_al-f00-20260820T215844624477Z,active_learning_8_4_4,exploration,4,0.111705686321,0.01665720486,0.411125002217,1.5045479238,0.75,0
kg_base_al,0,2,knowledge_agent-s11-f00-GB1-hierarchical-kg_base_al-f00-20260820T215844624477Z,active_learning_8_4_4,knowledge,4,1.67873617107,1.60162444382,3.50389826225,2.79130268097,0.25,0.5
kg_base_al,0,3,knowledge_agent-s11-f00-GB1-hierarchical-kg_base_al-f00-20260820T215844624477Z,active_learning_8_4_4,exploitation,8,2.04221640704,2.17246388554,3.75568245268,2.37322482467,0,0.625
kg_base_al,0,3,knowledge_agent-s11-f00-GB1-hierarchical-kg_base_al-f00-20260820T215844624477Z,active_learning_8_4_4,exploration,4,0.0701962730712,0.0694299845143,0.132048246326,0.719316065311,0.5,0
kg_base_al,0,3,knowledge_agent-s11-f00-GB1-hierarchical-kg_base_al-f00-20260820T215844624477Z,active_learning_8_4_4,knowledge,4,1.5151799155,1.18379920316,2.68771137002,2.19064110518,0,0.25
kg_base_al,1,1,knowledge_agent-s11-f01-GB1-hierarchical-kg_base_al-f01-20260820T221313830308Z,active_learning_8_4_4,exploitation,8,3.27854472451,3.15989331931,5.07529943739,3.00482091308,0,0.875
kg_base_al,1,1,knowledge_agent-s11-f01-GB1-hierarchical-kg_base_al-f01-20260820T221313830308Z,active_learning_8_4_4,exploration,4,2.99092959179,3.17551916958,3.56847515585,2.09577620029,0,1
kg_base_al,1,1,knowledge_agent-s11-f01-GB1-hierarchical-kg_base_al-f01-20260820T221313830308Z,active_learning_8_4_4,knowledge,4,3.55306150503,3.53862008013,4.33564342865,3.2434694767,0,1
kg_base_al,1,2,knowledge_agent-s11-f01-GB1-hierarchical-kg_base_al-f01-20260820T221313830308Z,active_learning_8_4_4,exploitation,8,3.28773206673,2.81592173134,4.4857497292,3.04749256372,0,1
kg_base_al,1,2,knowledge_agent-s11-f01-GB1-hierarchical-kg_base_al-f01-20260820T221313830308Z,active_learning_8_4_4,exploration,4,1.14595702355,1.08872985804,2.32212301375,1.33406549692,0,0.5
kg_base_al,1,2,knowledge_agent-s11-f01-GB1-hierarchical-kg_base_al-f01-20260820T221313830308Z,active_learning_8_4_4,knowledge,4,1.89288288683,2.1970365147,3.17097133842,2.92640924454,0.25,0.5
kg_base_al,1,3,knowledge_agent-s11-f01-GB1-hierarchical-kg_base_al-f01-20260820T221313830308Z,active_learning_8_4_4,exploitation,8,2.59506978479,2.61038337198,4.36614752354,2.34242552519,0,0.875
kg_base_al,1,3,knowledge_agent-s11-f01-GB1-hierarchical-kg_base_al-f01-20260820T221313830308Z,active_learning_8_4_4,exploration,4,0.267613849706,0.0910196238376,0.884743901838,1.07955847681,0.5,0
kg_base_al,1,3,knowledge_agent-s11-f01-GB1-hierarchical-kg_base_al-f01-20260820T221313830308Z,active_learning_8_4_4,knowledge,4,2.50051390897,2.39301009324,3.1086820343,2.4516955018,0,1
kg_base_al,2,1,knowledge_agent-s11-f02-GB1-hierarchical-kg_base_al-f02-20260820T222618938269Z,active_learning_8_4_4,exploitation,8,3.8566824169,3.75665006225,5.07529943739,3.29245662689,0,1
kg_base_al,2,1,knowledge_agent-s11-f02-GB1-hierarchical-kg_base_al-f02-20260820T222618938269Z,active_learning_8_4_4,exploration,4,2.14194308168,2.19506831502,2.70609039018,1.99135172367,0,0.75
kg_base_al,2,1,knowledge_agent-s11-f02-GB1-hierarchical-kg_base_al-f02-20260820T222618938269Z,active_learning_8_4_4,knowledge,4,2.93099584661,3.32301563941,4.38774529032,3.25714749098,0,0.75
kg_base_al,2,2,knowledge_agent-s11-f02-GB1-hierarchical-kg_base_al-f02-20260820T222618938269Z,active_learning_8_4_4,exploitation,8,2.89270093343,2.80735789402,3.95087308632,2.92642301321,0,0.875
kg_base_al,2,2,knowledge_agent-s11-f02-GB1-hierarchical-kg_base_al-f02-20260820T222618938269Z,active_learning_8_4_4,exploration,4,0.424039873896,0.317014755621,1.00182184448,1.30973091722,0,0
kg_base_al,2,2,knowledge_agent-s11-f02-GB1-hierarchical-kg_base_al-f02-20260820T222618938269Z,active_learning_8_4_4,knowledge,4,2.09339026322,2.21795108887,3.77421468466,2.81912529469,0,0.5
kg_base_al,2,3,knowledge_agent-s11-f02-GB1-hierarchical-kg_base_al-f02-20260820T222618938269Z,active_learning_8_4_4,exploitation,8,2.8264142678,2.75164735927,3.71875958096,2.75080728531,0,1
kg_base_al,2,3,knowledge_agent-s11-f02-GB1-hierarchical-kg_base_al-f02-20260820T222618938269Z,active_learning_8_4_4,exploration,4,0.0713562736679,0.0432742829107,0.171302084257,1.47289919853,0.75,0
kg_base_al,2,3,knowledge_agent-s11-f02-GB1-hierarchical-kg_base_al-f02-20260820T222618938269Z,active_learning_8_4_4,knowledge,4,3.2043467341,3.78986856626,5.2292463054,2.56628465652,0.25,0.75
kg_base_rag,0,1,knowledge_agent-s11-f00-GB1-hierarchical-kg_base_rag-f00-20260820T215844674788Z,agent_uq_8_3_3_2,coverage_exploration,3,2.87978238814,2.70609039018,3.50389826225,2.12499006589,0,1
kg_base_rag,0,1,knowledge_agent-s11-f00-GB1-hierarchical-kg_base_rag-f00-20260820T215844674788Z,agent_uq_8_3_3_2,evidence_prior,3,4.08746905297,4.38774529032,5.07529943739,3.64466587702,0,1
kg_base_rag,0,1,knowledge_agent-s11-f00-GB1-hierarchical-kg_base_rag-f00-20260820T215844674788Z,agent_uq_8_3_3_2,hypothesis_target,8,2.55037784644,2.91508288437,4.04596052161,2.65521064401,0,0.625
kg_base_rag,0,1,knowledge_agent-s11-f00-GB1-hierarchical-kg_base_rag-f00-20260820T215844674788Z,agent_uq_8_3_3_2,matched_control,2,0.292879586383,0.292879586383,0.581408643642,0.515314340591,0.5,0
kg_base_rag,0,2,knowledge_agent-s11-f00-GB1-hierarchical-kg_base_rag-f00-20260820T215844674788Z,agent_uq_8_3_3_2,coverage_exploration,3,0.00475424333232,0.00400853140492,0.00884139789713,0.192374626795,1,0
kg_base_rag,0,2,knowledge_agent-s11-f00-GB1-hierarchical-kg_base_rag-f00-20260820T215844674788Z,agent_uq_8_3_3_2,evidence_prior,3,2.9642347772,2.46026283378,4.0264439679,2.87689884504,0,1
kg_base_rag,0,2,knowledge_agent-s11-f00-GB1-hierarchical-kg_base_rag-f00-20260820T215844674788Z,agent_uq_8_3_3_2,hypothesis_target,8,3.36566977874,3.26396664617,4.4857497292,3.49897760153,0,1
kg_base_rag,0,2,knowledge_agent-s11-f00-GB1-hierarchical-kg_base_rag-f00-20260820T215844674788Z,agent_uq_8_3_3_2,matched_control,2,0.0291989457409,0.0291989457409,0.0366883204078,0.645135402679,1,0
kg_base_rag,0,3,knowledge_agent-s11-f00-GB1-hierarchical-kg_base_rag-f00-20260820T215844674788Z,agent_uq_8_3_3_2,coverage_exploration,3,2.01659606027,1.54730953215,4.49222585755,1.0741666158,0.333333333333,0.333333333333
kg_base_rag,0,3,knowledge_agent-s11-f00-GB1-hierarchical-kg_base_rag-f00-20260820T215844674788Z,agent_uq_8_3_3_2,evidence_prior,3,0.224851272444,0.124293605321,0.541904012778,1.77931563059,0.333333333333,0
kg_base_rag,0,3,knowledge_agent-s11-f00-GB1-hierarchical-kg_base_rag-f00-20260820T215844674788Z,agent_uq_8_3_3_2,hypothesis_target,8,2.73646729236,3.04659928142,4.02906611368,2.8741851747,0.125,0.75
kg_base_rag,0,3,knowledge_agent-s11-f00-GB1-hierarchical-kg_base_rag-f00-20260820T215844674788Z,agent_uq_8_3_3_2,matched_control,2,0.0852754576314,0.0852754576314,0.166000555526,0.949373066425,0.5,0
kg_base_rag,1,1,knowledge_agent-s11-f01-GB1-hierarchical-kg_base_rag-f01-20260820T221240262683Z,agent_uq_8_3_3_2,coverage_exploration,3,0.0583281666933,0.00390533249083,0.167916667572,1.41601157188,0.666666666667,0
kg_base_rag,1,1,knowledge_agent-s11-f01-GB1-hierarchical-kg_base_rag-f01-20260820T221240262683Z,agent_uq_8_3_3_2,evidence_prior,3,1.85755235343,1.18270190189,4.02906611368,2.50323255857,0,0.333333333333
kg_base_rag,1,1,knowledge_agent-s11-f01-GB1-hierarchical-kg_base_rag-f01-20260820T221240262683Z,agent_uq_8_3_3_2,hypothesis_target,8,1.74099132722,1.64142639109,4.89372839841,2.12672948837,0.125,0.5
kg_base_rag,1,1,knowledge_agent-s11-f01-GB1-hierarchical-kg_base_rag-f01-20260820T221240262683Z,agent_uq_8_3_3_2,matched_control,2,1.2950864444,1.2950864444,2.5805060492,1.25847750902,0.5,0.5
kg_base_rag,1,2,knowledge_agent-s11-f01-GB1-hierarchical-kg_base_rag-f01-20260820T221240262683Z,agent_uq_8_3_3_2,coverage_exploration,3,2.18370917954,2.46026283378,3.72027820633,2.67317247391,0,0.666666666667
kg_base_rag,1,2,knowledge_agent-s11-f01-GB1-hierarchical-kg_base_rag-f01-20260820T221240262683Z,agent_uq_8_3_3_2,evidence_prior,3,1.83007121826,0.378165613853,5.07529943739,2.59828547637,0.333333333333,0.333333333333
kg_base_rag,1,2,knowledge_agent-s11-f01-GB1-hierarchical-kg_base_rag-f01-20260820T221240262683Z,agent_uq_8_3_3_2,hypothesis_target,8,2.43648386639,2.63474547666,4.04596052161,2.63708235323,0,0.625
kg_base_rag,1,2,knowledge_agent-s11-f01-GB1-hierarchical-kg_base_rag-f01-20260820T221240262683Z,agent_uq_8_3_3_2,matched_control,2,1.13402778389,1.13402778389,2.18915278958,1.76531940699,0,0.5
kg_base_rag,1,3,knowledge_agent-s11-f01-GB1-hierarchical-kg_base_rag-f01-20260820T221240262683Z,agent_uq_8_3_3_2,coverage_exploration,3,0.0284963074129,0.0304537038679,0.0461938204738,1.08984365066,1,0
kg_base_rag,1,3,knowledge_agent-s11-f01-GB1-hierarchical-kg_base_rag-f01-20260820T221240262683Z,agent_uq_8_3_3_2,evidence_prior,3,1.96946317085,2.03773137664,2.9257530725,1.24132702748,0,0.666666666667
kg_base_rag,1,3,knowledge_agent-s11-f01-GB1-hierarchical-kg_base_rag-f01-20260820T221240262683Z,agent_uq_8_3_3_2,hypothesis_target,8,0.865500235057,0.363454278253,3.16744549033,1.39984429628,0.125,0.25
kg_base_rag,1,3,knowledge_agent-s11-f01-GB1-hierarchical-kg_base_rag-f01-20260820T221240262683Z,agent_uq_8_3_3_2,matched_control,2,0.0557277854981,0.0557277854981,0.107783321687,0.631444960833,0.5,0
kg_base_rag,2,1,knowledge_agent-s11-f02-GB1-hierarchical-kg_base_rag-f02-20260820T222600583330Z,agent_uq_8_3_3_2,coverage_exploration,3,2.64524066988,2.70609039018,2.80027310747,1.95269258817,0,1
kg_base_rag,2,1,knowledge_agent-s11-f02-GB1-hierarchical-kg_base_rag-f02-20260820T222600583330Z,agent_uq_8_3_3_2,evidence_prior,3,3.95634741921,4.38774529032,5.07529943739,3.46425382296,0,1
kg_base_rag,2,1,knowledge_agent-s11-f02-GB1-hierarchical-kg_base_rag-f02-20260820T222600583330Z,agent_uq_8_3_3_2,hypothesis_target,8,2.46115142058,2.30308473819,4.23915557841,2.22233873606,0,0.875
kg_base_rag,2,1,knowledge_agent-s11-f02-GB1-hierarchical-kg_base_rag-f02-20260820T222600583330Z,agent_uq_8_3_3_2,matched_control,2,0.014013762534,0.014013762534,0.0178472869179,0.404974102974,1,0
kg_base_rag,2,2,knowledge_agent-s11-f02-GB1-hierarchical-kg_base_rag-f02-20260820T222600583330Z,agent_uq_8_3_3_2,coverage_exploration,3,0.90470139799,0.22251253204,2.47369898132,0.89371997118,0.333333333333,0.333333333333
kg_base_rag,2,2,knowledge_agent-s11-f02-GB1-hierarchical-kg_base_rag-f02-20260820T222600583330Z,agent_uq_8_3_3_2,evidence_prior,3,3.90570393809,3.95087308632,4.04596052161,3.95697681109,0,1
kg_base_rag,2,2,knowledge_agent-s11-f02-GB1-hierarchical-kg_base_rag-f02-20260820T222600583330Z,agent_uq_8_3_3_2,hypothesis_target,8,2.93555948293,3.35790516635,4.33564342865,3.65949368477,0,0.875
kg_base_rag,2,2,knowledge_agent-s11-f02-GB1-hierarchical-kg_base_rag-f02-20260820T222600583330Z,agent_uq_8_3_3_2,matched_control,2,0.00274333296813,0.00274333296813,0.00414312017738,0.757433742285,1,0
kg_base_rag,2,3,knowledge_agent-s11-f02-GB1-hierarchical-kg_base_rag-f02-20260820T222600583330Z,agent_uq_8_3_3_2,coverage_exploration,3,0.695004645936,0.505034033267,1.57049240449,1.85837717851,0.333333333333,0
kg_base_rag,2,3,knowledge_agent-s11-f02-GB1-hierarchical-kg_base_rag-f02-20260820T222600583330Z,agent_uq_8_3_3_2,evidence_prior,3,1.86507683576,2.26769974438,3.31082193929,2.32928387324,0.333333333333,0.666666666667
kg_base_rag,2,3,knowledge_agent-s11-f02-GB1-hierarchical-kg_base_rag-f02-20260820T222600583330Z,agent_uq_8_3_3_2,hypothesis_target,8,1.91567163939,2.17716791848,4.02906611368,2.40921728313,0.25,0.625
kg_base_rag,2,3,knowledge_agent-s11-f02-GB1-hierarchical-kg_base_rag-f02-20260820T222600583330Z,agent_uq_8_3_3_2,matched_control,2,0.101930481519,0.101930481519,0.199852431633,1.03404140472,0.5,0
