condition,round_id,n_folds,selected_predicted_mean_mean,selected_predicted_mean_sd,selected_predicted_median_mean,selected_predicted_median_sd,selected_uncertainty_mean_mean,selected_uncertainty_mean_sd,acquisition_mean_mean,acquisition_mean_sd,knowledge_mean_mean,knowledge_mean_sd,wet_mean_mean,wet_mean_sd,wet_median_mean,wet_median_sd,dry_minus_wet_mean_mean,dry_minus_wet_mean_sd,prediction_wet_pearson_mean,prediction_wet_pearson_sd,acquisition_wet_pearson_mean,acquisition_wet_pearson_sd,knowledge_wet_pearson_mean,knowledge_wet_pearson_sd
kg_base,1,3,2.29096580793,0.147415237807,2.27915449937,0.08226140008,0.735711337999,0.035503084397,1.92664238565,0.0286328916868,0.372316717259,0.0344435504645,2.37347054386,0.243400413793,2.45665398385,0.206240831893,-0.0825047359223,0.370343932619,0.855196124284,0.0269062426793,0.482418505115,0.23418497531,0.475088887384,0.0824453425318
kg_base,2,3,2.06312734013,0.512024939367,2.12219077349,0.791259456571,0.663635315994,0.0773110856148,1.88861331885,0.16342178399,0.594333432502,0.0511729035854,1.66652457428,0.801973653906,1.17801841088,1.42978012508,0.396602765851,0.314508935996,0.881937070547,0.0880447305872,0.0213131276227,0.52309366571,0.552461409363,0.477526500537
kg_base,3,3,1.26348591534,0.501438418336,1.16456903021,0.433031048998,0.656532540917,0.073230997073,1.79050809224,0.0305058543889,0.506921387884,0.123805412235,1.15435598122,0.105597001173,0.583417045446,0.345371959665,0.109129934123,0.523341234662,0.544290110428,0.128347754742,0.274022859064,0.162152898783,0.431436156412,0.111650144243
kg_base_al,1,3,2.95793388784,0.120502944356,2.93978909651,0.0953432727135,0.637856405228,0.00684454875761,0.630712365591,0.0178795334793,0.448877835435,0.0419837155988,3.33100364238,0.1693196912,3.38215449061,0.133734594118,-0.373069754543,0.11680645938,0.816452282592,0.0355010580604,0.650889691819,0.121632636045,0.438607361989,0.230078590178
kg_base_al,2,3,2.56243291001,0.0584593580125,2.70349947611,0.119241713452,0.58298884891,0.0391802692647,0.628696236559,0.0202889940769,0.758519945235,0.0144656313145,2.16380176268,0.210070429861,2.53757355145,0.0614382902989,0.398631147327,0.203619512935,0.741695253742,0.125489678669,0.578211593207,0.0927317932573,0.691003085292,0.0656742399666
kg_base_al,3,3,2.11777585621,0.241932463131,2.33621247609,0.189849006782,0.706067060431,0.0358222872051,0.654569892473,0.0181894434273,0.657853732343,0.00933763298952,1.87971732286,0.418301709699,2.05534686837,0.768163504579,0.23805853335,0.22828657756,0.771793125275,0.0638818266248,0.468684584057,0.0710435732179,0.338300136163,0.205711152544
kg_base_rag,1,3,2.20227713138,0.260037777805,2.18765175343,0.273471701339,0.70047174332,0.053620392123,1.8743517627,0.18180480059,0.390128754443,0.0299288600969,2.15996426024,0.669519038947,2.00222969307,1.02354054278,0.0423128711379,0.457775774745,0.791916633455,0.179993671944,0.0957555618242,0.220130012166,0.538693046185,0.22615749015
kg_base_rag,2,3,2.58905189236,0.220668701101,2.73552203178,0.559470111342,0.637663186217,0.0751606378724,2.04703822907,0.297773040654,0.602088871461,0.0467710342541,2.24194102944,0.128751614492,2.62693933161,0.3363748838,0.347110862922,0.161774780492,0.904810793309,0.0654387459181,0.386600046903,0.50406419271,0.626190840313,0.39359792119
kg_base_rag,3,3,1.80859655887,0.513443779512,1.7696929276,0.738047604402,0.612449241181,0.0647689555142,1.85454859081,0.225199275626,0.604456764375,0.0676892642213,1.35469678462,0.499369585602,1.15102873379,0.777840544818,0.453899774248,0.193779805406,0.584123329043,0.0595863833406,-0.0656346247031,0.220879131149,0.387505688765,0.146018194584
