condition,fold,round_id,selection_order,variant_id,variant,mutation_notation,wet_fitness,fitness_mean,fitness_std,acquisition_score,knowledge_score,selection_driver
kg_base,0,1,1,sha256:84edffd46cf58545dc887d21540771c0ef3b7db438daa8c07f982f06c3d41b58,IWGA,V39I;D40W;V54A,2.34593175792,2.40735650063,0.76551759243,2.16889795513,0.390415493101,kg_llm_uq
kg_base,0,1,2,sha256:146f994851540dcf3fe10fcaf46e6423e3756b7291483e7288dfdd7a7e393fad,IYGA,V39I;D40Y;V54A,2.43521830222,2.7668094635,0.736195981503,2.16459658303,0.592749726295,kg_llm_uq
kg_base,0,1,3,sha256:8dfd510cc5d833fdae80ec4190fa236a9a06f4dd1b5b6ae5585230b15db28328,IAGA,V39I;D40A;V54A,2.10735341512,1.99735283852,0.681027114391,2.12117782906,0.316999914528,kg_llm_uq
kg_base,0,1,4,sha256:0c27d24d79ae24742317846eba6b5fb65a951dee9c18a8ea61dff190fff050a8,LYGA,V39L;D40Y;V54A,3.48423401082,2.81503987312,0.768956303596,2.07715556037,0.575287790141,kg_llm_uq
kg_base,0,1,5,sha256:c1b4e800f07cdf1f0c008b456d7c71348718002fd42ac0988da415e8d203ea12,IFGA,V39I;D40F;V54A,1.47154530648,2.29702353477,0.746022939682,2.04501621857,0.409730417485,kg_llm_uq
kg_base,0,1,6,sha256:cad29236742d162b31dab9d4587a36b7578ea8c4a2ed7c7ce6832b41dd8696a0,IYGC,V39I;D40Y;V54C,4.4857497292,3.49914932251,0.733165383339,2.02743397478,0.525458476852,kg_llm_uq
kg_base,0,1,7,sha256:6426d92a5e51c3ecccddd0f5343ffaead003713e620db4591cc01d0c82cc0796,LYGC,V39L;D40Y;V54C,4.33564342865,3.55496954918,0.742374181747,2.01229729008,0.506006127392,kg_llm_uq
kg_base,0,1,8,sha256:f29319bd9b1f1b29d6d352a4dc41d743325221a955714a2de3104dd4d3df0337,LAGA,V39L;D40A;V54A,2.21901727669,2.04127573967,0.753313958645,2.01162869828,0.292963041283,kg_llm_uq
kg_base,0,1,9,sha256:ff1ba21bc8cd6fd89b65866ba76e24e50049ad301ac1cb0f52ec2c1c2544349f,IQGH,V39I;D40Q;V54H,0.0267015283197,1.20918667316,0.76108032465,1.24315096165,0.0926628419299,kg_llm_uq
kg_base,0,1,10,sha256:ffb63aafbcb99c01cb876e4cedcd7cf6513fca83a295440c17e6c21c83dab5d5,IANP,V39I;D40A;G41N;V54P,0.00136699917612,0.86844009161,0.79486900568,1.30656822407,0.087697292511,kg_llm_uq
kg_base,0,1,11,sha256:13865e131d25e8db51d4c07787c6cd750092475cb5bdd96e5e65ddb21c36c866,IYRA,V39I;D40Y;G41R;V54A,0.00454438689842,1.85289764404,0.811313867569,1.79745007495,0.441762759453,kg_llm_uq
kg_base,0,1,12,sha256:d1939f1deaa36f634734b7327a9bbd68528f6f6337337fcd6b5d0515c599057e,LYDA,V39L;D40Y;G41D;V54A,0.00485433699257,1.94825124741,0.809947669506,1.77627594005,0.425706458774,kg_llm_uq
kg_base,0,1,13,sha256:187bf4a7ad8ca6e9e3015ba357922df3b0b56fca4736d3a0e952e2d8ada21030,IHGA,V39I;D40H;V54A,2.42935851199,2.14522576332,0.697205722332,2.0074122161,0.353092791917,kg_llm_uq
kg_base,0,1,14,sha256:45302fd2336c6f0c849be772b66c0a97eda8cb186cc1ecd62d3bdb256da12568,IWGC,V39I;D40W;V54C,3.95087308632,2.68749713898,0.751548111439,1.97233951515,0.304294989043,kg_llm_uq
kg_base,0,1,15,sha256:3a7adba769d374f88cba01eb4686cb18884a40cfb15f1b9189d5b5e582f22637,LWGC,V39L;D40W;V54C,3.50389826225,2.52636051178,0.775024950504,1.95685062522,0.280055413736,kg_llm_uq
kg_base,0,1,16,sha256:6f8721d4e6354c82389a55d5622c66c0af2e220b627e5a2befb5318c2406bb87,LAGC,V39L;D40A;V54C,2.13297049761,2.22825288773,0.744802474976,1.90545583329,0.200986503081,kg_llm_uq
kg_base,0,2,1,sha256:7426224e5b72b3ed239efd30dc5baf8a27836c30c4ff0cb5ed7893eb0a866b00,LHGC,V39L;D40H;V54C,2.67328306446,2.73031520844,0.690925836563,2.45248085304,0.775962642198,kg_llm_uq
kg_base,0,2,2,sha256:99527d4c0968c0e8e932b939fe6e1c9a52f5bd2e408da081d403cf6bbf0f1bef,LFGC,V39L;D40F;V54C,3.35884837877,3.56787133217,0.544910550117,2.36315890435,0.780889964995,kg_llm_uq
kg_base,0,2,3,sha256:22a7cd8d7b4178f7f9703976d32303e1a1d46b6b7fc3184ae1a72f783a4b9b39,IHGC,V39I;D40H;V54C,3.1086820343,2.74799537659,0.708059728146,1.81780479628,0.727017393083,kg_llm_uq
kg_base,0,2,4,sha256:8287e39d0cef852c01bf15c9447ec202121712f870911d9d5b16cd8d917834bc,IFGC,V39I;D40F;V54C,3.17097133842,3.56465983391,0.545200049877,1.71653971889,0.73285926128,kg_llm_uq
kg_base,0,2,5,sha256:c6f7241c5baf429461d4155ada401c1e6713aba10862f39416bf438c68893b1e,LHGA,V39L;D40H;V54A,3.31082193929,2.88629603386,0.458517283201,1.55620171815,0.670935216142,kg_llm_uq
kg_base,0,2,6,sha256:b3f9cfa155dc0f3beae23fa6c6806d0f9f67dea068487f230f3337696bf3ec2d,NHGA,V39N;D40H;V54A,0.0397222224364,0.346243917942,0.801560342312,1.41121269373,0.343324907874,kg_llm_uq
kg_base,0,2,7,sha256:9883eff88d4b3dfff36f8e127440097bb9a703077b094b766e96fd7f8ab4deac,LMGA,V39L;D40M;V54A,0.991030989077,1.22049427032,0.701446652412,1.70267879324,0.575355426837,kg_llm_uq
kg_base,0,2,8,sha256:feeec82d01cdb9c614848db18b9ffe8075a086c2b12339d48a043e1927d1644b,HLGC,V39H;D40L;V54C,0.41809804656,0.543872714043,0.863304257393,2.11718919733,0.387900378825,kg_llm_uq
kg_base,0,2,9,sha256:ff6cbf2619f7f5cfd0b853dba5623e84a87a3f14933812605c926511bcdb21c6,TPGC,V39T;D40P;V54C,0.197699454618,0.533434212208,0.807909786701,2.09571532359,0.346516984475,kg_llm_uq
kg_base,0,2,10,sha256:d4cb9cde8f0c73b1bfef523e541d0bfeffede0f6db06fea85364b597da4192ea,TWGC,V39T;D40W;V54C,2.15050001159,1.65111660957,0.805832624435,2.30109871428,0.682796778095,kg_llm_uq
kg_base,0,2,11,sha256:ff268f17f96ac33bcad51a90b49191f47b3dc0d022827446a7efdecdaf5a247f,ILIC,V39I;D40L;G41I;V54C,0.00918938294556,0.150761306286,0.907063543797,1.97648750628,0.470875300817,kg_llm_uq
kg_base,0,2,12,sha256:a8be52f006414ed18894c70689f97d1db37dab990d8e4f10a879b911558177dc,IWYC,V39I;D40W;G41Y;V54C,0.0723703187423,1.76502561569,0.807654440403,2.38476235615,0.66779309458,kg_llm_uq
kg_base,0,2,13,sha256:62a67680271648f9fcda7a644465021ef43c61743ddab9a658e54f536459dd99,LFHC,V39L;D40F;G41H;V54C,0.00472557473812,2.07027673721,0.759562969208,2.26538989873,0.625847490283,kg_llm_uq
kg_base,0,2,14,sha256:743f66c5f1831a854fc2fcda10017e6eceefbfb57ad10e90de694f2435fdf684,LWGF,V39L;D40W;V54F,2.82632723236,2.92967486382,0.706012070179,2.30293886124,0.6243814157,kg_llm_uq
kg_base,0,2,15,sha256:1fd9f7d7a0c10b1ab3e7c38cb32913f5b0adbd569181e9aba29452ee6f852ae5,LHEC,V39L;D40H;G41E;V54C,0.00615917606317,1.10925364494,0.807463824749,2.31520068432,0.60077823221,kg_llm_uq
kg_base,0,2,16,sha256:a3d1a4cfc9211acb8f33f7a8ed510d3671819525edb5efa805fa26e0b7f72c15,IHMC,V39I;D40H;G41M;V54C,0.257720150643,0.920586526394,0.902847230434,2.16674104642,0.544881639804,kg_llm_uq
kg_base,0,3,1,sha256:a99dd68c2a78a39df23531f52ef6e3d0d0df77c174722a7a56d625640b4c5ce0,LWAA,V39L;D40W;G41A;V54A,6.02748854644,1.1660091877,0.72153621912,2.16309285273,0.552312839598,kg_llm_uq
kg_base,0,3,2,sha256:5ed518276a355670a7b264c2a37c035f0335b1c133388a389d9a51439b7a773b,FWGC,V39F;D40W;V54C,3.44021840935,2.33921527863,0.627584338188,2.03682471846,0.489551691177,kg_llm_uq
kg_base,0,3,3,sha256:1b1132ef3ece66679243f697d4fd58bb2914fa90d022ea2277a61d1dd6390408,IWPC,V39I;D40W;G41P;V54C,0.00493843846507,0.867085516453,0.698824226856,1.97128205767,0.5260279457,kg_llm_uq
kg_base,0,3,4,sha256:43f3905589e7fe2c618043888ff403ba5485640ca8ef2a837fd9070d0b114796,PWGC,V39P;D40W;V54C,0.0391547621159,1.52958154678,0.591336965561,1.96832493118,0.468673287965,kg_llm_uq
kg_base,0,3,5,sha256:b2f6d1a8ccc3c297949f3b980bcef864e7cdaae74cce3ec4b0350c941ee86d5c,IWKA,V39I;D40W;G41K;V54A,0.00137730319001,-0.149418830872,0.84471321106,1.93799339643,0.49445428768,kg_llm_uq
kg_base,0,3,6,sha256:558ab5e5355f2498667f9d97e25b05bbf6f5e7d4bb1decdba6fe03515b85303b,IWPA,V39I;D40W;G41P;V54A,0.00581388892024,0.180542171001,0.700444459915,1.93801885021,0.494493447332,kg_llm_uq
kg_base,0,3,7,sha256:3d4a4ad48c1127cd89cea4811a14fe3dfddb680bd8a7056e48c8eb31febaa6bd,LYGQ,V39L;D40Y;V54Q,1.16210038058,1.37460899353,0.700642049313,1.85620214055,0.64062804927,kg_llm_uq
kg_base,0,3,8,sha256:44239fa9354df25d778d1afca17a2e3a2f6d5769622aaf8c6834fb000bf32727,LHCC,V39L;D40H;G41C;V54C,1.74670057439,0.258500754833,0.787236869335,1.81410561667,0.512107650938,kg_llm_uq
kg_base,0,3,9,sha256:ffc0d5ba000054ae905d45867dcf4f764b94f8952af7bff4ee21d145f30a7868,SWPA,V39S;D40W;G41P;V54A,0.00400853140492,-1.03580319881,0.857080042362,1.70523305331,0.277207348502,kg_llm_uq
kg_base,0,3,10,sha256:fff607ea9dd6927b4c6ff950296fa4e1c212e2dbc698e2243e4a2dfada7aacee,LHSV,V39L;D40H;G41S,0.0256152649356,1.15814828873,0.654804348946,1.6815684487,0.441636574964,kg_llm_uq
kg_base,0,3,11,sha256:361311ddeb1c15af473aa6958a70380667fbbaeb6ce2a6946ae64cc55a2a8fa2,IYCC,V39I;D40Y;G41C;V54C,1.85079929313,0.56836783886,0.698858201504,1.83794191618,0.590068579314,kg_llm_uq
kg_base,0,3,12,sha256:0b6dc62bbeb00e28b5fc586d799aee37291345f958ee5b8aea9d63a4e6780033,IYGT,V39I;D40Y;V54T,1.80231401446,1.97391867638,0.572198867798,1.68020494911,0.587576034365,kg_llm_uq
kg_base,0,3,13,sha256:234fae72c8e1228f6b0796f15f2bbde6a4690a5b26596e7e81ef6b54cf55ef82,MYGA,V39M;D40Y;V54A,1.38191944788,1.09294557571,0.657972872257,1.4178210021,0.577557586061,kg_llm_uq
kg_base,0,3,14,sha256:167b9d602662a6c6fa3c5c8c7690e6601db7662907434e15f9c41fd87d75466f,IWYA,V39I;D40W;G41Y;V54A,0.628000912005,0.276392400265,0.775114476681,1.82755014714,0.471781223301,kg_llm_uq
kg_base,0,3,15,sha256:ff37fdbf5069fd29fe3896c7cf8b226257e32b514b490b89ab7abae1b40890f7,IFDQ,V39I;D40F;G41D;V54Q,0.00424465341522,-0.603357791901,0.768710553646,1.29762567822,0.233583411396,kg_llm_uq
kg_base,0,3,16,sha256:ff9dd4e16dc61713b8716b3cc8fabea5978524efe4cadcd8f950420373ad4ed6,LYIH,V39L;D40Y;G41I;V54H,0.00205562501108,0.324824929237,0.810292840004,1.41085009537,0.401108448699,kg_llm_uq
kg_base,1,1,1,sha256:146f994851540dcf3fe10fcaf46e6423e3756b7291483e7288dfdd7a7e393fad,IYGA,V39I;D40Y;V54A,2.43521830222,2.76680970192,0.736196100712,2.16459658303,0.592749726295,kg_llm_uq
kg_base,1,1,2,sha256:8dfd510cc5d833fdae80ec4190fa236a9a06f4dd1b5b6ae5585230b15db28328,IAGA,V39I;D40A;V54A,2.10735341512,1.99735307693,0.681027054787,2.12117782906,0.316999914528,kg_llm_uq
kg_base,1,1,3,sha256:c004108080543f240c5cde5d7aab4cf985d8e8daf2178d547dd5d31573e78c0c,LWGA,V39L;D40W;V54A,2.74706776264,2.32948493958,0.788672447205,2.06022197108,0.36772192251,kg_llm_uq
kg_base,1,1,4,sha256:234fae72c8e1228f6b0796f15f2bbde6a4690a5b26596e7e81ef6b54cf55ef82,MYGA,V39M;D40Y;V54A,1.38191944788,1.86560678482,0.800472974777,2.04024822422,0.517615338889,kg_llm_uq
kg_base,1,1,5,sha256:6426d92a5e51c3ecccddd0f5343ffaead003713e620db4591cc01d0c82cc0796,LYGC,V39L;D40Y;V54C,4.33564342865,3.55496954918,0.742374300957,2.01229729008,0.506006127392,kg_llm_uq
kg_base,1,1,6,sha256:cad29236742d162b31dab9d4587a36b7578ea8c4a2ed7c7ce6832b41dd8696a0,IYGC,V39I;D40Y;V54C,4.4857497292,3.49914932251,0.733165383339,2.02743397478,0.525458476852,kg_llm_uq
kg_base,1,1,7,sha256:0ac662fa9c06a9251db82cd07b84ee87ef1be17dfaec85ce3f0e9481f52425d0,INGA,V39I;D40N;V54A,2.83147206953,1.79185223579,0.695839822292,1.98625274527,0.318374591285,kg_llm_uq
kg_base,1,1,8,sha256:04e5002382df677e21429b11103944cfab2115e58f22d0264def41cfd8372ddf,IIGA,V39I;D40I;V54A,2.09020983699,1.85455417633,0.732504367828,1.98575969945,0.318566541909,kg_llm_uq
kg_base,1,1,9,sha256:ffe88b36d5c1c6f272173d73871b6635e025145b3bfc6a6677d53f34b1a472df,GGGC,V39G;D40G;V54C,0.00435052912399,0.248624384403,0.799747169018,1.14945389423,-0.0522144816172,kg_llm_uq
kg_base,1,1,10,sha256:ffd0b779798cfab44054c754b3241cef064cd2c86a026c342c950a5a3dca6ba0,LWFV,V39L;D40W;G41F,2.03773137664,0.943519949913,0.732916772366,1.35152376095,0.22496937157,kg_llm_uq
kg_base,1,1,11,sha256:2586a33b8e4f0455b11f05a7aa324fea114d5ba5a3f74c65b4e92d55dc532959,MYGC,V39M;D40Y;V54C,3.15234114828,2.46621537209,0.781885564327,1.97307525522,0.442256728722,kg_llm_uq
kg_base,1,1,12,sha256:8cb6b7ff31c0b2b46054d659d140cd4b027c8c761b86aaada4e19478d97a77d0,LFGA,V39L;D40F;V54A,2.47369898132,2.33754611015,0.775837957859,1.95378667609,0.387439115143,kg_llm_uq
kg_base,1,1,13,sha256:c6f7241c5baf429461d4155ada401c1e6713aba10862f39416bf438c68893b1e,LHGA,V39L;D40H;V54A,3.31082193929,2.1758043766,0.76179844141,1.91874679339,0.329679627796,kg_llm_uq
kg_base,1,1,14,sha256:3a7adba769d374f88cba01eb4686cb18884a40cfb15f1b9189d5b5e582f22637,LWGC,V39L;D40W;V54C,3.50389826225,2.52636027336,0.803082287312,1.95685062522,0.280055413736,kg_llm_uq
kg_base,1,1,15,sha256:e0516f662de2309be8567e123afaf198b79c6b8394e54810de198803d97926b9,MWGC,V39M;D40W;V54C,2.84714007692,1.61286115646,0.809686362743,1.90803257784,0.202586519293,kg_llm_uq
kg_base,1,1,16,sha256:1341a97d7217e64b2fc2aa592a9f0ef2de2578d49262200771967d460d350384,IAGC,V39I;D40A;V54C,2.62171251414,2.23700428009,0.750396549702,1.92162919228,0.226279107698,kg_llm_uq
kg_base,1,2,1,sha256:335a9f68d105e1b2c741b6ced91d700d8ae50342735fa341a98379ae87245479,IWGV,V39I;D40W,3.72027820633,3.98575735092,0.470900654793,2.41275866785,0.802014172739,kg_llm_uq
kg_base,1,2,2,sha256:22a7cd8d7b4178f7f9703976d32303e1a1d46b6b7fc3184ae1a72f783a4b9b39,IHGC,V39I;D40H;V54C,3.1086820343,3.22325611115,0.680174529552,2.10366028148,0.758404526074,kg_llm_uq
kg_base,1,2,3,sha256:dd63966b253acc832fc7f9c13bb134d06080e91bbab94c62bd2d80ffadf70bde,CYGC,V39C;D40Y;V54C,3.56847515585,2.95179176331,0.668388128281,2.26307292296,0.818509146651,kg_llm_uq
kg_base,1,2,4,sha256:8287e39d0cef852c01bf15c9447ec202121712f870911d9d5b16cd8d917834bc,IFGC,V39I;D40F;V54C,3.17097133842,3.69043850899,0.540272116661,2.00791261934,0.771896810872,kg_llm_uq
kg_base,1,2,5,sha256:4dc134999aaac11cca9963ee105d20891ff7c3e4b12fa27ab24960f98683406e,CHGC,V39C;D40H;V54C,2.04420487213,2.0049135685,0.808567881584,2.23030750236,0.655781250989,kg_llm_uq
kg_base,1,2,6,sha256:d50b7e55910b0a89b394d501d08d9e767efa644790aac1f72b5026f79c9dfc78,MWGV,V39M;D40W,2.35080188425,2.5823943615,0.527328968048,2.16237348115,0.667483107056,kg_llm_uq
kg_base,1,2,7,sha256:f76dde0b09a70424006fc41e57e7585914152be6586fbe95e7f63f7dde771b00,LWGV,V39L;D40W,4.04596052161,4.02227020264,0.439560890198,2.0737920169,0.84362575969,kg_llm_uq
kg_base,1,2,8,sha256:58db15f5f6e207865de082faa5d9241d2d78b00a2dc808b9d0b85fb6271e1861,VWGA,D40W;V54A,2.01352184821,1.94516086578,0.53756326437,2.02416513655,0.783404130515,kg_llm_uq
kg_base,1,2,9,sha256:ffd0640c87dfcda7fd02d5f67629c0913edac1a999ce4c3f6902286e360361c1,LNLV,V39L;D40N;G41L,0.581408643642,1.2996532917,0.706733763218,1.63838200299,0.464881987751,kg_llm_uq
kg_base,1,2,10,sha256:ffe027299d2d1590e98494180041a3cc7ea6ea347ab50808b91a35dd041fd8b9,VHYT,D40H;G41Y;V54T,0.40807963183,0.651415646076,0.803042113781,1.41814661179,0.120970306333,kg_llm_uq
kg_base,1,2,11,sha256:8adcc9749599afd1dcad3ef9086feca9afaac8e0654ab85131de9e30f5b67919,LYGV,V39L;D40Y,5.07529943739,4.4730629921,0.414024829865,1.78261574862,0.917042144778,kg_llm_uq
kg_base,1,2,12,sha256:20195b5b78c30e852e2060f39f94012e49a3bff99fb5d7110689058ff28e15f2,VYGC,D40Y;V54C,4.0264439679,3.67807364464,0.482912987471,1.75238920984,0.900485520207,kg_llm_uq
kg_base,1,2,13,sha256:f8ee04236ace863a6c1cf3e75d51c85514b655dd0f5db101c63a33f4488a70f1,IYGV,V39I;D40Y,4.38774529032,4.14138698578,0.424688011408,1.67493395757,0.893841924653,kg_llm_uq
kg_base,1,2,14,sha256:9e6bbd4f6124c6f03b94ef7116ed62eb83b01136ff4517648fb376946f7cccca,CWGV,V39C;D40W,2.46026283378,3.11734080315,0.514855563641,2.14273379587,0.660456290799,kg_llm_uq
kg_base,1,2,15,sha256:ffc40d197ec8f5fcee86570cfa4a5c89f8245f984f649a1403a28e4c1e57785b,CNAV,V39C;D40N;G41A,0.0646128013623,0.50452709198,0.688191950321,1.29872051189,0.22982082145,kg_llm_uq
kg_base,1,2,16,sha256:ffd38c1c8b2533acf8cd3a56d13bf9eee1542235fd6142e1732a9c65147887e6,CPDV,V39C;D40P;G41D,0.0101802381501,0.184044122696,0.640144109726,0.988797890094,0.0140022728691,kg_llm_uq
kg_base,1,3,1,sha256:45302fd2336c6f0c849be772b66c0a97eda8cb186cc1ecd62d3bdb256da12568,IWGC,V39I;D40W;V54C,3.95087308632,3.48586821556,0.425933837891,1.90852549147,0.868702051595,kg_llm_uq
kg_base,1,3,2,sha256:3cff1ab1b454d306870f5191f9e7037202ea456da1872ba6b7ed0583765a0219,IYSA,V39I;D40Y;G41S;V54A,0.497522774316,1.77528810501,0.603110611439,2.26299283386,0.765058777022,kg_llm_uq
kg_base,1,3,3,sha256:7a80cd1cbe614fad028abe3adc42c62d7a051465459091413f5e6da653e9f6b6,MFGA,V39M;D40F;V54A,0.884743901838,1.08303880692,0.491029053926,1.74752253641,0.638526046775,kg_llm_uq
kg_base,1,3,4,sha256:7426224e5b72b3ed239efd30dc5baf8a27836c30c4ff0cb5ed7893eb0a866b00,LHGC,V39L;D40H;V54C,2.67328306446,3.19478774071,0.45327052474,1.7327601792,0.813373220495,kg_llm_uq
kg_base,1,3,5,sha256:84edffd46cf58545dc887d21540771c0ef3b7db438daa8c07f982f06c3d41b58,IWGA,V39I;D40W;V54A,2.34593175792,2.55482435226,0.429546326399,1.72616798244,0.823937148926,kg_llm_uq
kg_base,1,3,6,sha256:8e657d0fd47cdf40288b579d2c122e8346ae90787d76e537355e4caa3e6a6fd9,MFGC,V39M;D40F;V54C,2.48465053088,2.46103286743,0.486913174391,1.64874320401,0.723280563186,kg_llm_uq
kg_base,1,3,7,sha256:0f31af4d3c4b6a3dd2551ef2628f5eb05d053ebd7395ec6f1dab05e111639c1b,MYGS,V39M;D40Y;V54S,1.02044946376,1.18176364899,0.617482066154,2.04342490043,0.626992555681,kg_llm_uq
kg_base,1,3,8,sha256:d4e1ff5027d7a78c138b4687838387325b5eea2ec653badb62d4bb14dc49ee7a,MYGG,V39M;D40Y;V54G,0.380756364561,1.30570924282,0.60751926899,2.03733667272,0.617626051506,kg_llm_uq
kg_base,1,3,9,sha256:ff74bc20d81d45d43ece3e1d637c68cff690b18af12a4b121fed4d2cecb9ef61,HYGS,V39H;D40Y;V54S,2.65898610418,0.932168722153,0.653237938881,2.11027441883,0.447633644977,kg_llm_uq
kg_base,1,3,10,sha256:ffe85fa09f79a3dc062fdb8e0723b46cd574a4b6cf121bd30d50a9dfd3e9c5e7,IYDL,V39I;D40Y;G41D;V54L,0.00953001859566,1.73182165623,0.637191832066,1.68909475187,0.583949880737,kg_llm_uq
kg_base,1,3,11,sha256:2ee72cbaf98d2ad879026bd44d8d2cdafa6e182e7ca75d811e2a8fb1f3cdb11d,IFWC,V39I;D40F;G41W;V54C,0.0144254386743,1.9363874197,0.651721358299,1.70807542094,0.663911224758,kg_llm_uq
kg_base,1,3,12,sha256:918529445a596903cc5689b8fbda10df99bc665d6f3f9564d19744d2215c1d99,LWTA,V39L;D40W;G41T;V54A,0.0227304688726,1.9133913517,0.5440081954,1.37768784913,0.67755157474,kg_llm_uq
kg_base,1,3,13,sha256:0461235df0122fbabf92b8ddb5cc01d62676e4b7856449c46b7208415ef26754,IWRA,V39I;D40W;G41R;V54A,0.00367224930928,1.43282222748,0.686025857925,1.99020789349,0.668656398359,kg_llm_uq
kg_base,1,3,14,sha256:141ea3eae7dc8bca6baeee95f63cd97f1e789d6148b6cf433789bc80894f2fa7,MHKA,V39M;D40H;G41K;V54A,0.0162821783056,0.571701586246,0.703505456448,1.61582672744,0.403124956376,kg_llm_uq
kg_base,1,3,15,sha256:75ce9e5da8d030b175c69b4920106c46d2fce77c7df92e88d1b5b3214fa68fd8,MFNA,V39M;D40F;G41N;V54A,0.00679545458209,0.749075889587,0.605418503284,1.79054023442,0.460889561033,kg_llm_uq
kg_base,1,3,16,sha256:6ad4c076017f04a021cca671ff6bd503c6b00ac777d26011cfb1356819af4f0a,MFTA,V39M;D40F;G41T;V54A,0.00729268296615,0.597858011723,0.604032933712,1.79048778627,0.460808871573,kg_llm_uq
kg_base,2,1,1,sha256:9e6bbd4f6124c6f03b94ef7116ed62eb83b01136ff4517648fb376946f7cccca,CWGV,V39C;D40W,2.46026283378,2.77914118767,0.588627934456,2.59229380074,0.526314482216,kg_llm_uq
kg_base,2,1,2,sha256:335a9f68d105e1b2c741b6ced91d700d8ae50342735fa341a98379ae87245479,IWGV,V39I;D40W,3.72027820633,3.55763149261,0.524870991707,2.5280355439,0.421284590154,kg_llm_uq
kg_base,2,1,3,sha256:f76dde0b09a70424006fc41e57e7585914152be6586fbe95e7f63f7dde771b00,LWGV,V39L;D40W,4.04596052161,3.56854772568,0.521978855133,2.48981053215,0.388045441273,kg_llm_uq
kg_base,2,1,4,sha256:1ef3828bd26a9404c98efbe68c2daf51c8d051c9d251c5689b4ae3856796b6c5,CYGA,V39C;D40Y;V54A,0.690206817298,2.61505794525,0.736879944801,2.19530356923,0.648331729126,kg_llm_uq
kg_base,2,1,5,sha256:84edffd46cf58545dc887d21540771c0ef3b7db438daa8c07f982f06c3d41b58,IWGA,V39I;D40W;V54A,2.34593175792,2.40735673904,0.76551759243,2.16889795513,0.390415493101,kg_llm_uq
kg_base,2,1,6,sha256:44a636657855b95504090d15d1c1c314fc037458aedfdad6d298ed4dfeabf3e9,CWGA,V39C;D40W;V54A,0.384678364647,2.04423594475,0.777335941792,2.12311557195,0.464324871191,kg_llm_uq
kg_base,2,1,7,sha256:0c27d24d79ae24742317846eba6b5fb65a951dee9c18a8ea61dff190fff050a8,LYGA,V39L;D40Y;V54A,3.48423401082,2.8150396347,0.768956363201,2.07715556037,0.575287790141,kg_llm_uq
kg_base,2,1,8,sha256:c004108080543f240c5cde5d7aab4cf985d8e8daf2178d547dd5d31573e78c0c,LWGA,V39L;D40W;V54A,2.74706776264,2.32948517799,0.788672447205,2.06022197108,0.36772192251,kg_llm_uq
kg_base,2,1,9,sha256:ff332a70cfb23592555052dfd33c60fec92acd691a3fc8c8f3cc9c4e38bccb0e,LCGK,V39L;D40C;V54K,0.0268709151776,0.991894602776,0.776404798031,1.23991182585,0.0564516936534,kg_llm_uq
kg_base,2,1,10,sha256:fe857096e715a90794d1e6c29e073b02f699e147c4f37f4365cac3279d11ed8a,FWGE,V39F;D40W;V54E,0,0.554432153702,0.812425136566,1.41429604777,0.0654114104347,kg_llm_uq
kg_base,2,1,11,sha256:f8ee04236ace863a6c1cf3e75d51c85514b655dd0f5db101c63a33f4488a70f1,IYGV,V39I;D40Y,4.38774529032,3.87966132164,0.497735828161,1.77841003654,0.692976442349,kg_llm_uq
kg_base,2,1,12,sha256:8adcc9749599afd1dcad3ef9086feca9afaac8e0654ab85131de9e30f5b67919,LYGV,V39L;D40Y,5.07529943739,4.17281007767,0.486351430416,1.43662974971,0.671738076482,kg_llm_uq
kg_base,2,1,13,sha256:cf449dbb455b9543d6bffd87d2cd22f6b390f3058c5170b6318e5040caf50085,CYFV,V39C;D40Y;G41F,0.207726316909,1.19892120361,0.747815728188,1.88029511811,0.547996448517,kg_llm_uq
kg_base,2,1,14,sha256:5ed518276a355670a7b264c2a37c035f0335b1c133388a389d9a51439b7a773b,FWGC,V39F;D40W;V54C,3.44021840935,1.4740626812,0.802622973919,1.66919058482,0.143771037188,kg_llm_uq
kg_base,2,1,15,sha256:6f8721d4e6354c82389a55d5622c66c0af2e220b627e5a2befb5318c2406bb87,LAGC,V39L;D40A;V54C,2.13297049761,2.22825241089,0.773956179619,1.65545583329,0.200986503081,kg_llm_uq
kg_base,2,1,16,sha256:c1b4e800f07cdf1f0c008b456d7c71348718002fd42ac0988da415e8d203ea12,IFGA,V39I;D40F;V54A,1.47154530648,2.29702401161,0.746022939682,2.04501621857,0.409730417485,kg_llm_uq
kg_base,2,2,1,sha256:648a58c1136e58ad2f1666370f4a11707df38a2f596407bb78af38ed9d142ad0,LFGV,V39L;D40F,4.02906611368,3.80715274811,0.337619066238,1.63463842213,0.740573857979,kg_llm_uq
kg_base,2,2,2,sha256:3fa07c46e7d0259ba56a74c1533d1f8bf13e298dd9bced0e748419291bc4eed0,IFGV,V39I;D40F,3.16744549033,3.20018768311,0.346157848835,1.60206452343,0.681776688713,kg_llm_uq
kg_base,2,2,3,sha256:9118a42e0189eb5c2e6387cd11974e91add4b2cbdf22c180fb6fccea22475fc2,CFGV,V39C;D40F,2.9257530725,2.64669775963,0.43516972661,0.847842793443,0.424583166534,kg_llm_uq
kg_base,2,2,4,sha256:f1d05ee42fef7dc3b750bc9731cf020880e507727575cd8edcfceed6eae15a54,KFGV,V39K;D40F,1.38415205758,0.970252871513,0.672309279442,0.631894946957,0.180720170888,kg_llm_uq
kg_base,2,2,5,sha256:d57fd542da92930bd3a4e4bf9bb36823680114fa325134c4f4466106c22cd49b,CSGV,V39C;D40S,1.00204197435,1.04475927353,0.6539093256,0.326275953921,0.224453223494,kg_llm_uq
kg_base,2,2,6,sha256:25103835259c38e2f75d26c301313e57b0043a8c2d0e4fa4d59a7d6da49f408e,LYIV,V39L;D40Y;G41I,0.00437367023635,1.19031882286,0.777272701263,2.33914733505,0.719388057239,kg_llm_uq
kg_base,2,2,7,sha256:b56189660c2a01b1f4ab36313dbcae9b9b683f18faeb04e46c326f913309d7c6,LYWV,V39L;D40Y;G41W,0.0644212966436,1.87011766434,0.650930285454,2.32638552236,0.699969958753,kg_llm_uq
kg_base,2,2,8,sha256:9711c4bd33ab7894b3efe3fd7a4fa057ceff8c6fe92916e3db00bc89271813d1,IYDV,V39I;D40Y;G41D,0.00840349847298,1.7527449131,0.68014138937,2.08437930547,0.678882260599,kg_llm_uq
kg_base,2,2,9,sha256:fff607ea9dd6927b4c6ff950296fa4e1c212e2dbc698e2243e4a2dfada7aacee,LHSV,V39L;D40H;G41S,0.0256152649356,2.07912182808,0.717164695263,1.96617387652,0.447940247018,kg_llm_uq
kg_base,2,2,10,sha256:ff4cc59423154b195d41c230b43d1dbcbbe5f922877712c62e7fd59bb6863a55,LHGT,V39L;D40H;V54T,2.0468347464,2.41710233688,0.793496787548,1.99005692512,0.487083282863,kg_llm_uq
kg_base,2,2,11,sha256:ff690d50bf8655ff170a4f5541e74ada7999fc3cc8be371c7b8e276c3b2ce928,LGIV,V39L;D40G;G41I,0.0152822223046,0.655625522137,0.728015065193,1.8879623466,0.313766316623,kg_llm_uq
kg_base,2,2,12,sha256:8230b841f31db40c5378ad34483ad651326b2e8098f4f55715f673618a674278,IWPV,V39I;D40W;G41P,0.0152654009262,1.68235445023,0.708759427071,2.10272854666,0.586309092512,kg_llm_uq
kg_base,2,2,13,sha256:9ba6a2e8b98ee71c7863bb9f4ce33af2e5edf2e838bcc429500bc79dd204a84c,IWIV,V39I;D40W;G41I,0.00483676473196,0.628946781158,0.835284411907,2.10267591066,0.586228114049,kg_llm_uq
kg_base,2,2,14,sha256:70a070b79623b27f0173b763b524d3ac2d494e67135f253668a6e15b3f7e994f,IYIV,V39I;D40Y;G41I,0.00247479309085,0.823774158955,0.828590393066,2.08430542098,0.678768592153,kg_llm_uq
kg_base,2,2,15,sha256:6755832c22572f3b20035ad531595a7adce4e4656483fefed2779ebc57a351a5,LWGP,V39L;D40W;V54P,0.022236478394,1.50207459927,0.829348504543,1.93650211527,0.63621712251,kg_llm_uq
kg_base,2,2,16,sha256:44272b4fe33241e227bbcae386dffa273789ba509339273dd4e19075448fe3d2,IWGS,V39I;D40W;V54S,1.64189870025,1.56551539898,0.694705307484,1.87004193715,0.580608307551,kg_llm_uq
kg_base,2,3,1,sha256:3f6c77ac3e88af3107f2c3b3075ed633cd4522bd6dab8ec100dab25c2a50e27f,LFLV,V39L;D40F;G41L,0.256937250381,0.00753182172775,0.757056415081,2.35603805467,0.501236849968,kg_llm_uq
kg_base,2,3,2,sha256:41f9338df9cb015caebad4802606627b924e8faa57f639990fad7d16a4a86bcf,FFGV,V39F;D40F,3.60057588419,2.89002108574,0.486611694098,2.13817707005,0.560097335481,kg_llm_uq
kg_base,2,3,3,sha256:73d7258a40e7f172418e11b69428d110619d7be7952c701bf3057454a7d74a3f,IYGR,V39I;D40Y;V54R,0.0162458573215,1.03037023544,0.807445526123,1.95296185573,0.372200200806,kg_llm_uq
kg_base,2,3,4,sha256:bfdaf8efaeec23dcc134fb950a20bf9257ca83735cc9e39f25583100b3f6dce9,IFGN,V39I;D40F;V54N,2.86400269949,1.72493565083,0.643353879452,1.96176387227,0.506530192687,kg_llm_uq
kg_base,2,3,5,sha256:c75304f8bc3e1ee6636efb60f39c185d09f72bf6c38d1c1906356a256f62b565,IFGL,V39I;D40F;V54L,2.55702251454,2.24926996231,0.610034823418,1.94871027789,0.489054258844,kg_llm_uq
kg_base,2,3,6,sha256:5ced828601d4510c2dd674643c0f61065c7dfaeecf12a79e359f0a60a809b356,IFGY,V39I;D40F;V54Y,0.149681432846,2.03151583672,0.767907083035,1.88489032366,0.462087620888,kg_llm_uq
kg_base,2,3,7,sha256:7dfe0680e27855ab0756ac81a83218158fe4c0af71ac7cb36f21c3e951ec0571,IFNV,V39I;D40F;G41N,0.0069096639028,0.73415440321,0.590912759304,1.85790069198,0.492815769222,kg_llm_uq
kg_base,2,3,8,sha256:4cd023359e77c93ecc5f350bbd97bba64d0696a04d8b6eca86cba02058bdd18d,LAGV,V39L;D40A,2.26023771846,2.58045911789,0.454747110605,1.79976911852,0.520430624926,kg_llm_uq
kg_base,2,3,9,sha256:ffba39f4c9c3f5db3dece4b6abc7de2411392e2b9fb73de2b101dff2f9145ccc,QFGM,V39Q;D40F;V54M,2.5805060492,0.539562106133,0.831510663033,1.99060018143,0.3061067742,kg_llm_uq
kg_base,2,3,10,sha256:ffb567e3d3b5edfa3e8e73313f9a15226022a65e310693cf3730eaead266a527,ISGK,V39I;D40S;V54K,0.00966683960952,0.713857650757,0.827981114388,1.07074522054,0.105440833672,kg_llm_uq
kg_base,2,3,11,sha256:f9eef70f0cfb07fc4756638555cdaf1ca282c327b3b6a42cfc7bdea9213863d8,QFGV,V39Q;D40F,1.07408531207,1.71707177162,0.52312964201,1.65811739965,0.469017815223,kg_llm_uq
kg_base,2,3,12,sha256:ce737f45c1b6afeb7050e368d357c266cd768a90bc74a427c38899728c9d0207,HFGV,V39H;D40F,1.34723972798,2.5879919529,0.523219704628,1.65326703791,0.461555720245,kg_llm_uq
kg_base,2,3,13,sha256:604d7f649e7a214e58c9113603a43c012683c81fff593b66b52815588e455e7c,SFGV,V39S;D40F,0.880982147607,1.35694670677,0.540368437767,1.61986592848,0.410169398034,kg_llm_uq
kg_base,2,3,14,sha256:e356143463a7a10e4294c8b9aa0f9d1fc233216a3f4c7e07f10711cce632f47a,IYGK,V39I;D40Y;V54K,0.014630782997,0.909045338631,0.81023222208,1.73386910872,0.347708443044,kg_llm_uq
kg_base,2,3,15,sha256:ff1ba21bc8cd6fd89b65866ba76e24e50049ad301ac1cb0f52ec2c1c2544349f,IQGH,V39I;D40Q;V54H,0.0267015283197,0.94686537981,0.863386750221,1.36224841847,0.12587173812,kg_llm_uq
kg_base,2,3,16,sha256:ff74bc20d81d45d43ece3e1d637c68cff690b18af12a4b121fed4d2cecb9ef61,HYGS,V39H;D40Y;V54S,2.65898610418,0.398623734713,0.808366656303,1.23115513056,0.199112109083,kg_llm_uq
kg_base_al,0,1,1,sha256:8adcc9749599afd1dcad3ef9086feca9afaac8e0654ab85131de9e30f5b67919,LYGV,V39L;D40Y,5.07529943739,4.17281103134,0.486351132393,0.766129032258,0.671738076482,active_learning:lightweight_calibrated_hybrid
kg_base_al,0,1,2,sha256:84edffd46cf58545dc887d21540771c0ef3b7db438daa8c07f982f06c3d41b58,IWGA,V39I;D40W;V54A,2.34593175792,2.40735673904,0.76551759243,0.612903225806,0.390415493101,active_learning:lightweight_calibrated_hybrid
kg_base_al,0,1,3,sha256:f8ee04236ace863a6c1cf3e75d51c85514b655dd0f5db101c63a33f4488a70f1,IYGV,V39I;D40Y,4.38774529032,3.87966132164,0.497735828161,0.758064516129,0.692976442349,active_learning:lightweight_calibrated_hybrid
kg_base_al,0,1,4,sha256:6426d92a5e51c3ecccddd0f5343ffaead003713e620db4591cc01d0c82cc0796,LYGC,V39L;D40Y;V54C,4.33564342865,3.55496954918,0.742374181747,0.790322580645,0.506006127392,active_learning:lightweight_calibrated_hybrid
kg_base_al,0,1,5,sha256:d05664b827f5087265ff8d7edbd02000546e8538f72270fc9585a4974800db7d,CWGC,V39C;D40W;V54C,2.70609039018,1.70338392258,0.826824963093,0.306451612903,0.384020213975,active_learning:lightweight_calibrated_hybrid
kg_base_al,0,1,6,sha256:cad29236742d162b31dab9d4587a36b7578ea8c4a2ed7c7ce6832b41dd8696a0,IYGC,V39I;D40Y;V54C,4.4857497292,3.49914956093,0.733165442944,0.774193548387,0.525458476852,active_learning:lightweight_calibrated_hybrid
kg_base_al,0,1,7,sha256:f76dde0b09a70424006fc41e57e7585914152be6586fbe95e7f63f7dde771b00,LWGV,V39L;D40W,4.04596052161,3.56854844093,0.521978735924,0.677419354839,0.388045441273,active_learning:lightweight_calibrated_hybrid
kg_base_al,0,1,8,sha256:dd63966b253acc832fc7f9c13bb134d06080e91bbab94c62bd2d80ffadf70bde,CYGC,V39C;D40Y;V54C,3.56847515585,2.68624138832,0.74938929081,0.693548387097,0.58784795044,active_learning:lightweight_calibrated_hybrid
kg_base_al,0,1,9,sha256:335a9f68d105e1b2c741b6ced91d700d8ae50342735fa341a98379ae87245479,IWGV,V39I;D40W,3.72027820633,3.55763173103,0.524870932102,0.693548387097,0.421284590154,active_learning:lightweight_calibrated_hybrid
kg_base_al,0,1,10,sha256:648a58c1136e58ad2f1666370f4a11707df38a2f596407bb78af38ed9d142ad0,LFGV,V39L;D40F,4.02906611368,3.24937486649,0.47827783227,0.588709677419,0.416948351614,active_learning:lightweight_calibrated_hybrid
kg_base_al,0,1,11,sha256:c1b4e800f07cdf1f0c008b456d7c71348718002fd42ac0988da415e8d203ea12,IFGA,V39I;D40F;V54A,1.47154530648,2.29702425003,0.746022939682,0.524193548387,0.409730417485,active_learning:lightweight_calibrated_hybrid
kg_base_al,0,1,12,sha256:3c713612e6e7377b7c72a990db12887dcfb299ecd7d25aa36e686796728b87a3,MYGV,V39M;D40Y,2.7993624312,2.88152360916,0.555512607098,0.596774193548,0.598259966942,active_learning:lightweight_calibrated_hybrid
kg_base_al,0,1,13,sha256:99527d4c0968c0e8e932b939fe6e1c9a52f5bd2e408da081d403cf6bbf0f1bef,LFGC,V39L;D40F;V54C,3.35884837877,2.95870280266,0.767204761505,0.620967741935,0.301109477401,active_learning:lightweight_calibrated_hybrid
kg_base_al,0,1,14,sha256:3fa07c46e7d0259ba56a74c1533d1f8bf13e298dd9bced0e748419291bc4eed0,IFGV,V39I;D40F,3.16744549033,3.04045557976,0.501151323318,0.58064516129,0.449240516978,active_learning:lightweight_calibrated_hybrid
kg_base_al,0,1,15,sha256:915b881aa31bfe7ff503bb05e5df8400a43f987aa10d7e4d9451afc5c689b47a,LHGV,V39L;D40H,3.35696195393,2.97975158691,0.490105479956,0.532258064516,0.331507295503,active_learning:lightweight_calibrated_hybrid
kg_base_al,0,1,16,sha256:0c27d24d79ae24742317846eba6b5fb65a951dee9c18a8ea61dff190fff050a8,LYGA,V39L;D40Y;V54A,3.48423401082,2.81504034996,0.768956303596,0.629032258065,0.575287790141,active_learning:lightweight_calibrated_hybrid
kg_base_al,0,2,1,sha256:f52cafbc63f54907fe70c9dca10cdc61e2a00bd2987950932e592feb26c6a1c4,FYGV,V39F;D40Y,4.11276429473,3.47527885437,0.445349365473,0.782258064516,0.745428986596,active_learning:lightweight_calibrated_hybrid
kg_base_al,0,2,2,sha256:0f7d4dabac7f82b33231df7f24f50e42a07bc03115822072a70c81b56d99e8de,IWIA,V39I;D40W;G41I;V54A,0.00573996512693,1.25948524475,0.799625754356,0.387096774194,0.617153009213,active_learning:lightweight_calibrated_hybrid
kg_base_al,0,2,3,sha256:3a7adba769d374f88cba01eb4686cb18884a40cfb15f1b9189d5b5e582f22637,LWGC,V39L;D40W;V54C,3.50389826225,3.34696483612,0.519285082817,0.766129032258,0.898529662136,active_learning:lightweight_calibrated_hybrid
kg_base_al,0,2,4,sha256:45302fd2336c6f0c849be772b66c0a97eda8cb186cc1ecd62d3bdb256da12568,IWGC,V39I;D40W;V54C,3.95087308632,3.37445545197,0.523905873299,0.766129032258,0.850307970144,active_learning:lightweight_calibrated_hybrid
kg_base_al,0,2,5,sha256:7447249f0bb2d1313d16df27f9f78e2b629fed4b026d38912ffb29796815326d,CWGQ,V39C;D40W;V54Q,0.411125002217,1.2129368782,0.792950153351,0.370967741935,0.559094151728,active_learning:lightweight_calibrated_hybrid
kg_base_al,0,2,6,sha256:2c8bce2f5e82c946f3c12aa021ac7b716a5e0b7d0577b73d9c9ce1e1bc07b673,NYGV,V39N;D40Y,0.52996582317,2.26593446732,0.560154557228,0.612903225806,0.760988739907,active_learning:lightweight_calibrated_hybrid
kg_base_al,0,2,7,sha256:8287e39d0cef852c01bf15c9447ec202121712f870911d9d5b16cd8d917834bc,IFGC,V39I;D40F;V54C,3.17097133842,3.25572633743,0.389674127102,0.677419354839,0.856428692969,active_learning:lightweight_calibrated_hybrid
kg_base_al,0,2,8,sha256:751ab0cc88bddeb1ceeeac33dfd0df0a2e75999e6297de62ac0329bab72930d8,CYGP,V39C;D40Y;V54P,0.0275744445931,1.88389885426,0.746653079987,0.612903225806,0.751532215675,active_learning:lightweight_calibrated_hybrid
kg_base_al,0,2,9,sha256:7426224e5b72b3ed239efd30dc5baf8a27836c30c4ff0cb5ed7893eb0a866b00,LHGC,V39L;D40H;V54C,2.67328306446,2.92261791229,0.638852417469,0.822580645161,0.853561988059,active_learning:lightweight_calibrated_hybrid
kg_base_al,0,2,10,sha256:9e6bbd4f6124c6f03b94ef7116ed62eb83b01136ff4517648fb376946f7cccca,CWGV,V39C;D40W,2.46026283378,2.96207809448,0.479287236929,0.620967741935,0.785093083142,active_learning:lightweight_calibrated_hybrid
kg_base_al,0,2,11,sha256:b2fdae4767b497c157d56c005d28b06930cb54c4db8693fc36e331febfa30491,IWKV,V39I;D40W;G41K,0.00238333334618,1.661870718,0.676795482635,0.427419354839,0.633621355422,active_learning:lightweight_calibrated_hybrid
kg_base_al,0,2,12,sha256:61252bb193d330e7f2ceb011b812a5795fcb0370deabd5d14c0562141aad3184,LYNA,V39L;D40Y;G41N;V54A,0.00779753441852,2.62969350815,0.636455833912,0.637096774194,0.815087211056,active_learning:lightweight_calibrated_hybrid
kg_base_al,0,2,13,sha256:22a7cd8d7b4178f7f9703976d32303e1a1d46b6b7fc3184ae1a72f783a4b9b39,IHGC,V39I;D40H;V54C,3.1086820343,2.79300165176,0.655366122723,0.806451612903,0.786374910129,active_learning:lightweight_calibrated_hybrid
kg_base_al,0,2,14,sha256:6d8e0cdef006c0c23a734adb9e7c45f89b3af32d1ca32da46584df83134c67f0,IHGV,V39I;D40H,2.86764802541,2.92182636261,0.349890679121,0.564516129032,0.741736042517,active_learning:lightweight_calibrated_hybrid
kg_base_al,0,2,15,sha256:9118a42e0189eb5c2e6387cd11974e91add4b2cbdf22c180fb6fccea22475fc2,CFGV,V39C;D40F,2.9257530725,2.87927913666,0.371887713671,0.516129032258,0.797715513067,active_learning:lightweight_calibrated_hybrid
kg_base_al,0,2,16,sha256:146f994851540dcf3fe10fcaf46e6423e3756b7291483e7288dfdd7a7e393fad,IYGA,V39I;D40Y;V54A,2.43521830222,2.80308294296,0.412594288588,0.564516129032,0.885230080908,active_learning:lightweight_calibrated_hybrid
kg_base_al,0,3,1,sha256:c6f7241c5baf429461d4155ada401c1e6713aba10862f39416bf438c68893b1e,LHGA,V39L;D40H;V54A,3.31082193929,2.86075305939,0.627360701561,0.790322580645,0.747778370041,active_learning:lightweight_calibrated_hybrid
kg_base_al,0,3,2,sha256:46b4fb5609b6003e25b3af5ee4febf7dcf034279cfe087878383db75894854fc,CWLC,V39C;D40W;G41L;V54C,0.132048246326,0.159437179565,0.903685986996,0.33064516129,0.574006157752,active_learning:lightweight_calibrated_hybrid
kg_base_al,0,3,3,sha256:5e8c607be144c796d1cf41e6515f15d0b6f8d6f076f324eb9447abf1e859eac5,LTGC,V39L;D40T;V54C,1.00540988566,1.94934892654,0.712325334549,0.766129032258,0.782981778071,active_learning:lightweight_calibrated_hybrid
kg_base_al,0,3,4,sha256:6eaa8251777e0d15377180aa6040cc06937ea0d28bcb89c7ce1e116cfe6ce17d,YWGC,V39Y;D40W;V54C,3.75568245268,2.57499408722,0.710265815258,0.887096774194,0.611564095914,active_learning:lightweight_calibrated_hybrid
kg_base_al,0,3,5,sha256:d684f383d5551070e1c7161fbeeefebb4164ed8323cdba0d0eb1be59cbac5c1d,CYVC,V39C;D40Y;G41V;V54C,0.0160327298915,0.642743587494,0.887004733086,0.41935483871,0.703212187237,active_learning:lightweight_calibrated_hybrid
kg_base_al,0,3,6,sha256:8ebfea9a531762666cd9d5bec79f42028d170f02deb761e424bb16fd81bc4ad1,IMGC,V39I;D40M;V54C,1.03947562617,2.33311033249,0.715781927109,0.814516129032,0.710110554346,active_learning:lightweight_calibrated_hybrid
kg_base_al,0,3,7,sha256:cc634439101a5b41b7d763a9363b8959431f4b5dd9769361bc9e78a31ab3c554,CFGY,V39C;D40F;V54Y,0.169447531778,2.4955496788,0.646104037762,0.677419354839,0.472557004072,active_learning:lightweight_calibrated_hybrid
kg_base_al,0,3,8,sha256:7e50210b68f0a108e2a2612a3a4ff84a5cb7c7eb52a6fb7c09d764ff2c890e6a,LFFC,V39L;D40F;G41F;V54C,0.122827239137,1.16767573357,0.843811273575,0.620967741935,0.782295097295,active_learning:lightweight_calibrated_hybrid
kg_base_al,0,3,9,sha256:ec5ad5d2f7e6d270f12f94668c7314840a00bf7e54f3c2b66f55b5bead4c6f06,CFGC,V39C;D40F;V54C,2.68771137002,2.60972332954,0.481450200081,0.693548387097,0.822310608131,active_learning:lightweight_calibrated_hybrid
kg_base_al,0,3,10,sha256:6ecf6f37c72e67eefc9ae1437bbe3c3f250ef608741b679915c051113e433479,IHGW,V39I;D40H;V54W,0.52517903509,2.39931678772,0.748314261436,0.741935483871,0.581625804969,active_learning:lightweight_calibrated_hybrid
kg_base_al,0,3,11,sha256:1d72c0f576d4f2a6b70aa1af3201914e2b4ad4be1052d7e80a7d7443411b90f9,IWRC,V39I;D40W;G41R;V54C,0.00987687693013,0.90740776062,0.829161167145,0.459677419355,0.675564461116,active_learning:lightweight_calibrated_hybrid
kg_base_al,0,3,12,sha256:fd55d909ae025095df61140b43b4860dff5a15e1f0c2e1a058764ce81d2a2c38,WHGC,V39W;D40H;V54C,1.32812278015,1.87038183212,0.762062907219,0.717741935484,0.585985827495,active_learning:lightweight_calibrated_hybrid
kg_base_al,0,3,13,sha256:187bf4a7ad8ca6e9e3015ba357922df3b0b56fca4736d3a0e952e2d8ada21030,IHGA,V39I;D40H;V54A,2.42935851199,2.26522541046,0.670417845249,0.596774193548,0.668633306786,active_learning:lightweight_calibrated_hybrid
kg_base_al,0,3,14,sha256:0b6dc62bbeb00e28b5fc586d799aee37291345f958ee5b8aea9d63a4e6780033,IYGT,V39I;D40Y;V54T,1.80231401446,2.13158178329,0.637579679489,0.620967741935,0.706324319559,active_learning:lightweight_calibrated_hybrid
kg_base_al,0,3,15,sha256:72f86e50046ff5306a440da82f380ef93dcc1faabc0404b51bade83ba334680d,INGV,V39I;D40N,2.28630706938,2.18640208244,0.423821598291,0.516129032258,0.553723667348,active_learning:lightweight_calibrated_hybrid
kg_base_al,0,3,16,sha256:a08aad10583a9403fe74fec3105dea664ed16ee49075a32667dfccd157d4208e,ISGV,V39I;D40S,2.05862070169,2.07197570801,0.460639834404,0.483870967742,0.524873735131,active_learning:lightweight_calibrated_hybrid
kg_base_al,1,1,1,sha256:8adcc9749599afd1dcad3ef9086feca9afaac8e0654ab85131de9e30f5b67919,LYGV,V39L;D40Y,5.07529943739,4.1728105545,0.486351430416,0.766129032258,0.671738076482,active_learning:lightweight_calibrated_hybrid
kg_base_al,1,1,2,sha256:4dc134999aaac11cca9963ee105d20891ff7c3e4b12fa27ab24960f98683406e,CHGC,V39C;D40H;V54C,2.04420487213,1.55764245987,0.825750648975,0.379032258065,0.346489989981,active_learning:lightweight_calibrated_hybrid
kg_base_al,1,1,3,sha256:6426d92a5e51c3ecccddd0f5343ffaead003713e620db4591cc01d0c82cc0796,LYGC,V39L;D40Y;V54C,4.33564342865,3.55497002602,0.742374181747,0.854838709677,0.506006127392,active_learning:lightweight_calibrated_hybrid
kg_base_al,1,1,4,sha256:f76dde0b09a70424006fc41e57e7585914152be6586fbe95e7f63f7dde771b00,LWGV,V39L;D40W,4.04596052161,3.56854844093,0.521978735924,0.75,0.388045441273,active_learning:lightweight_calibrated_hybrid
kg_base_al,1,1,5,sha256:dd63966b253acc832fc7f9c13bb134d06080e91bbab94c62bd2d80ffadf70bde,CYGC,V39C;D40Y;V54C,3.56847515585,2.68624091148,0.749389410019,0.822580645161,0.58784795044,active_learning:lightweight_calibrated_hybrid
kg_base_al,1,1,6,sha256:335a9f68d105e1b2c741b6ced91d700d8ae50342735fa341a98379ae87245479,IWGV,V39I;D40W,3.72027820633,3.55763196945,0.524870932102,0.758064516129,0.421284590154,active_learning:lightweight_calibrated_hybrid
kg_base_al,1,1,7,sha256:648a58c1136e58ad2f1666370f4a11707df38a2f596407bb78af38ed9d142ad0,LFGV,V39L;D40F,4.02906611368,3.24937438965,0.478277653456,0.645161290323,0.416948351614,active_learning:lightweight_calibrated_hybrid
kg_base_al,1,1,8,sha256:e0516f662de2309be8567e123afaf198b79c6b8394e54810de198803d97926b9,MWGC,V39M;D40W;V54C,2.84714007692,1.61286115646,0.809686362743,0.362903225806,0.202586519293,active_learning:lightweight_calibrated_hybrid
kg_base_al,1,1,9,sha256:3c713612e6e7377b7c72a990db12887dcfb299ecd7d25aa36e686796728b87a3,MYGV,V39M;D40Y,2.7993624312,2.88152360916,0.555512607098,0.709677419355,0.598259966942,active_learning:lightweight_calibrated_hybrid
kg_base_al,1,1,10,sha256:3fa07c46e7d0259ba56a74c1533d1f8bf13e298dd9bced0e748419291bc4eed0,IFGV,V39I;D40F,3.16744549033,3.04045462608,0.501151144505,0.645161290323,0.449240516978,active_learning:lightweight_calibrated_hybrid
kg_base_al,1,1,11,sha256:3a7adba769d374f88cba01eb4686cb18884a40cfb15f1b9189d5b5e582f22637,LWGC,V39L;D40W;V54C,3.50389826225,2.52636027336,0.803082227707,0.701612903226,0.280055413736,active_learning:lightweight_calibrated_hybrid
kg_base_al,1,1,12,sha256:915b881aa31bfe7ff503bb05e5df8400a43f987aa10d7e4d9451afc5c689b47a,LHGV,V39L;D40H,3.35696195393,2.97975230217,0.490105479956,0.612903225806,0.331507295503,active_learning:lightweight_calibrated_hybrid
kg_base_al,1,1,13,sha256:6d8e0cdef006c0c23a734adb9e7c45f89b3af32d1ca32da46584df83134c67f0,IHGV,V39I;D40H,2.86764802541,2.7810125351,0.529738366604,0.612903225806,0.366415633081,active_learning:lightweight_calibrated_hybrid
kg_base_al,1,1,14,sha256:6163e69087b0262025a4795b907548d84c094d7c214ae0cdd177c7d056efadc8,LIGC,V39L;D40I;V54C,1.75762656176,2.53189945221,0.757213294506,0.532258064516,0.202658129438,active_learning:lightweight_calibrated_hybrid
kg_base_al,1,1,15,sha256:2586a33b8e4f0455b11f05a7aa324fea114d5ba5a3f74c65b4e92d55dc532959,MYGC,V39M;D40Y;V54C,3.15234114828,2.46621513367,0.781885504723,0.66935483871,0.442256728722,active_learning:lightweight_calibrated_hybrid
kg_base_al,1,1,16,sha256:6f8721d4e6354c82389a55d5622c66c0af2e220b627e5a2befb5318c2406bb87,LAGC,V39L;D40A;V54C,2.13297049761,2.22825217247,0.773956179619,0.524193548387,0.200986503081,active_learning:lightweight_calibrated_hybrid
kg_base_al,1,2,1,sha256:f8ee04236ace863a6c1cf3e75d51c85514b655dd0f5db101c63a33f4488a70f1,IYGV,V39I;D40Y,4.38774529032,4.18200731277,0.268908143044,0.75,0.903453494845,active_learning:lightweight_calibrated_hybrid
kg_base_al,1,2,2,sha256:fdfef8ba3a085436dd7e4e1638305313ec119ea428c0a8bbe76109efb4967b7f,CHMC,V39C;D40H;G41M;V54C,0.158888889746,1.06713330746,0.785611331463,0.322580645161,0.546817392611,active_learning:lightweight_calibrated_hybrid
kg_base_al,1,2,3,sha256:861a2dc11c46cf766e9afdcad8413f2047ca1639a9c527f8917bd28241dacb1b,LYHV,V39L;D40Y;G41H,0.00648717952216,3.49648237228,0.54543954134,0.83064516129,0.825357057359,active_learning:lightweight_calibrated_hybrid
kg_base_al,1,2,4,sha256:cad29236742d162b31dab9d4587a36b7578ea8c4a2ed7c7ce6832b41dd8696a0,IYGC,V39I;D40Y;V54C,4.4857497292,3.71689867973,0.45283100009,0.741935483871,0.880396578304,active_learning:lightweight_calibrated_hybrid
kg_base_al,1,2,5,sha256:1bf8ea045c6e84f153728886d69f231ecc44efe81e1436fae319897d1e781d6a,LHLC,V39L;D40H;G41L;V54C,2.01857082633,1.42839694023,0.791269600391,0.411290322581,0.685056056065,active_learning:lightweight_calibrated_hybrid
kg_base_al,1,2,6,sha256:6cc7e7bc80ceb74ef44f0e9a870d748761997d1716b5b259a44e5526ca97b39c,QYGV,V39Q;D40Y,1.93381019561,2.50882601738,0.52140545845,0.629032258065,0.712653238872,active_learning:lightweight_calibrated_hybrid
kg_base_al,1,2,7,sha256:45302fd2336c6f0c849be772b66c0a97eda8cb186cc1ecd62d3bdb256da12568,IWGC,V39I;D40W;V54C,3.95087308632,3.17809128761,0.463142216206,0.709677419355,0.821023554233,active_learning:lightweight_calibrated_hybrid
kg_base_al,1,2,8,sha256:3f551ca106ee8352aeef04eb01aeb6013a90093ebb0c758c0ab4a1f1f0df1e36,CFGE,V39C;D40F;V54E,0.0842453643856,1.18163621426,0.772992312908,0.354838709677,0.520513081868,active_learning:lightweight_calibrated_hybrid
kg_base_al,1,2,9,sha256:9e6bbd4f6124c6f03b94ef7116ed62eb83b01136ff4517648fb376946f7cccca,CWGV,V39C;D40W,2.46026283378,3.04478263855,0.48676481843,0.717741935484,0.802339959819,active_learning:lightweight_calibrated_hybrid
kg_base_al,1,2,10,sha256:9118a42e0189eb5c2e6387cd11974e91add4b2cbdf22c180fb6fccea22475fc2,CFGV,V39C;D40F,2.9257530725,2.89824986458,0.402888387442,0.637096774194,0.777450060779,active_learning:lightweight_calibrated_hybrid
kg_base_al,1,2,11,sha256:578334d4d66157df5a2d3c325ef9dfbb2a0055a78dee46a2be09aac03cb1788e,LHAC,V39L;D40H;G41A;V54C,2.32212301375,1.65909552574,0.731759488583,0.483870967742,0.694417374525,active_learning:lightweight_calibrated_hybrid
kg_base_al,1,2,12,sha256:8287e39d0cef852c01bf15c9447ec202121712f870911d9d5b16cd8d917834bc,IFGC,V39I;D40F;V54C,3.17097133842,2.65554594994,0.52190721035,0.66935483871,0.80609614173,active_learning:lightweight_calibrated_hybrid
kg_base_al,1,2,13,sha256:7426224e5b72b3ed239efd30dc5baf8a27836c30c4ff0cb5ed7893eb0a866b00,LHGC,V39L;D40H;V54C,2.67328306446,2.73078846931,0.544309198856,0.709677419355,0.847473752384,active_learning:lightweight_calibrated_hybrid
kg_base_al,1,2,14,sha256:ec5ad5d2f7e6d270f12f94668c7314840a00bf7e54f3c2b66f55b5bead4c6f06,CFGC,V39C;D40F;V54C,2.68771137002,2.61616015434,0.539970040321,0.637096774194,0.791831429824,active_learning:lightweight_calibrated_hybrid
kg_base_al,1,2,15,sha256:d05664b827f5087265ff8d7edbd02000546e8538f72270fc9585a4974800db7d,CWGC,V39C;D40W;V54C,2.70609039018,2.54449391365,0.567669689655,0.637096774194,0.807740092363,active_learning:lightweight_calibrated_hybrid
kg_base_al,1,2,16,sha256:8e657d0fd47cdf40288b579d2c122e8346ae90787d76e537355e4caa3e6a6fd9,MFGC,V39M;D40F;V54C,2.48465053088,2.51325082779,0.537148118019,0.572580645161,0.764897766647,active_learning:lightweight_calibrated_hybrid
kg_base_al,1,3,1,sha256:84edffd46cf58545dc887d21540771c0ef3b7db438daa8c07f982f06c3d41b58,IWGA,V39I;D40W;V54A,2.34593175792,2.6269068718,0.816924154758,0.927419354839,0.766260247911,active_learning:lightweight_calibrated_hybrid
kg_base_al,1,3,2,sha256:0461235df0122fbabf92b8ddb5cc01d62676e4b7856449c46b7208415ef26754,IWRA,V39I;D40W;G41R;V54A,0.00367224930928,1.0358839035,0.937914192677,0.629032258065,0.595635105651,active_learning:lightweight_calibrated_hybrid
kg_base_al,1,3,3,sha256:146f994851540dcf3fe10fcaf46e6423e3756b7291483e7288dfdd7a7e393fad,IYGA,V39I;D40Y;V54A,2.43521830222,2.55410480499,0.784770846367,0.854838709677,0.81474020451,active_learning:lightweight_calibrated_hybrid
kg_base_al,1,3,4,sha256:c004108080543f240c5cde5d7aab4cf985d8e8daf2178d547dd5d31573e78c0c,LWGA,V39L;D40W;V54A,2.74706776264,2.52766180038,0.818402051926,0.911290322581,0.744008168737,active_learning:lightweight_calibrated_hybrid
kg_base_al,1,3,5,sha256:26c6054b2ced3dd002bff759a77a23b8738e99da96e7e7798edc05f69c27384d,IHGK,V39I;D40H;V54K,0.0116631206303,1.38979172707,0.845067381859,0.588709677419,0.526372096965,active_learning:lightweight_calibrated_hybrid
kg_base_al,1,3,6,sha256:22a7cd8d7b4178f7f9703976d32303e1a1d46b6b7fc3184ae1a72f783a4b9b39,IHGC,V39I;D40H;V54C,3.1086820343,2.72374486923,0.490620702505,0.685483870968,0.817227219655,active_learning:lightweight_calibrated_hybrid
kg_base_al,1,3,7,sha256:c6f7241c5baf429461d4155ada401c1e6713aba10862f39416bf438c68893b1e,LHGA,V39L;D40H;V54A,3.31082193929,2.37230539322,0.796116054058,0.709677419355,0.619923992019,active_learning:lightweight_calibrated_hybrid
kg_base_al,1,3,8,sha256:e7136b679504181ecaa94b1e5602f3d492914c823418458648edc21db246648a,CHGQ,V39C;D40H;V54Q,0.170376127045,0.833318173885,0.839801490307,0.387096774194,0.366985000457,active_learning:lightweight_calibrated_hybrid
kg_base_al,1,3,9,sha256:d50b7e55910b0a89b394d501d08d9e767efa644790aac1f72b5026f79c9dfc78,MWGV,V39M;D40W,2.35080188425,2.35777330399,0.599188685417,0.653225806452,0.766712652877,active_learning:lightweight_calibrated_hybrid
kg_base_al,1,3,10,sha256:8cb6b7ff31c0b2b46054d659d140cd4b027c8c761b86aaada4e19478d97a77d0,LFGA,V39L;D40F;V54A,2.47369898132,2.32482290268,0.802379131317,0.790322580645,0.700629790817,active_learning:lightweight_calibrated_hybrid
kg_base_al,1,3,11,sha256:7a80cd1cbe614fad028abe3adc42c62d7a051465459091413f5e6da653e9f6b6,MFGA,V39M;D40F;V54A,0.884743901838,1.05924010277,0.836910426617,0.5,0.552537980745,active_learning:lightweight_calibrated_hybrid
kg_base_al,1,3,12,sha256:8dfd510cc5d833fdae80ec4190fa236a9a06f4dd1b5b6ae5585230b15db28328,IAGA,V39I;D40A;V54A,2.10735341512,2.17115902901,0.759194612503,0.66935483871,0.550883200946,active_learning:lightweight_calibrated_hybrid
kg_base_al,1,3,13,sha256:724e43b3ebbc31b028f71bdb126cae0ce67f02a6cebaf54e3ddab90e6cc107b5,LFGM,V39L;D40F;V54M,2.86570385726,2.24489450455,0.761362910271,0.637096774194,0.654363146195,active_learning:lightweight_calibrated_hybrid
kg_base_al,1,3,14,sha256:329ce9c2fffb13eb6f4dd9eb79fd8f142ae7a8c271aa719335bffd316f3b088d,FFGC,V39F;D40F;V54C,4.36614752354,2.30132937431,0.622398912907,0.556451612903,0.57657259171,active_learning:lightweight_calibrated_hybrid
kg_base_al,1,3,15,sha256:7f4370d371185a64f6d75d6d538d7688766483ee37b16177c3ed08f4ca918274,MFGV,V39M;D40F,2.26650809173,2.34832859039,0.441619932652,0.516129032258,0.704414982407,active_learning:lightweight_calibrated_hybrid
kg_base_al,1,3,16,sha256:44a636657855b95504090d15d1c1c314fc037458aedfdad6d298ed4dfeabf3e9,CWGA,V39C;D40W;V54A,0.384678364647,1.99315476418,0.798095822334,0.629032258065,0.631279987509,active_learning:lightweight_calibrated_hybrid
kg_base_al,2,1,1,sha256:8adcc9749599afd1dcad3ef9086feca9afaac8e0654ab85131de9e30f5b67919,LYGV,V39L;D40Y,5.07529943739,4.17281007767,0.486351191998,0.766129032258,0.671738076482,active_learning:lightweight_calibrated_hybrid
kg_base_al,2,1,2,sha256:84edffd46cf58545dc887d21540771c0ef3b7db438daa8c07f982f06c3d41b58,IWGA,V39I;D40W;V54A,2.34593175792,2.40735650063,0.76551759243,0.637096774194,0.390415493101,active_learning:lightweight_calibrated_hybrid
kg_base_al,2,1,3,sha256:f8ee04236ace863a6c1cf3e75d51c85514b655dd0f5db101c63a33f4488a70f1,IYGV,V39I;D40Y,4.38774529032,3.87966132164,0.497735828161,0.758064516129,0.692976442349,active_learning:lightweight_calibrated_hybrid
kg_base_al,2,1,4,sha256:6426d92a5e51c3ecccddd0f5343ffaead003713e620db4591cc01d0c82cc0796,LYGC,V39L;D40Y;V54C,4.33564342865,3.5549697876,0.742374181747,0.790322580645,0.506006127392,active_learning:lightweight_calibrated_hybrid
kg_base_al,2,1,5,sha256:d05664b827f5087265ff8d7edbd02000546e8538f72270fc9585a4974800db7d,CWGC,V39C;D40W;V54C,2.70609039018,1.70338392258,0.826824963093,0.298387096774,0.384020213975,active_learning:lightweight_calibrated_hybrid
kg_base_al,2,1,6,sha256:335a9f68d105e1b2c741b6ced91d700d8ae50342735fa341a98379ae87245479,IWGV,V39I;D40W,3.72027820633,3.55763196945,0.524870872498,0.717741935484,0.421284590154,active_learning:lightweight_calibrated_hybrid
kg_base_al,2,1,7,sha256:f76dde0b09a70424006fc41e57e7585914152be6586fbe95e7f63f7dde771b00,LWGV,V39L;D40W,4.04596052161,3.5685479641,0.521978914738,0.709677419355,0.388045441273,active_learning:lightweight_calibrated_hybrid
kg_base_al,2,1,8,sha256:4dc134999aaac11cca9963ee105d20891ff7c3e4b12fa27ab24960f98683406e,CHGC,V39C;D40H;V54C,2.04420487213,1.55764245987,0.825750648975,0.25,0.346489989981,active_learning:lightweight_calibrated_hybrid
kg_base_al,2,1,9,sha256:9118a42e0189eb5c2e6387cd11974e91add4b2cbdf22c180fb6fccea22475fc2,CFGV,V39C;D40F,2.9257530725,2.97623896599,0.450340926647,0.556451612903,0.550800285741,active_learning:lightweight_calibrated_hybrid
kg_base_al,2,1,10,sha256:648a58c1136e58ad2f1666370f4a11707df38a2f596407bb78af38ed9d142ad0,LFGV,V39L;D40F,4.02906611368,3.24937486649,0.478277951479,0.620967741935,0.416948351614,active_learning:lightweight_calibrated_hybrid
kg_base_al,2,1,11,sha256:c1b4e800f07cdf1f0c008b456d7c71348718002fd42ac0988da415e8d203ea12,IFGA,V39I;D40F;V54A,1.47154530648,2.29702401161,0.746022939682,0.532258064516,0.409730417485,active_learning:lightweight_calibrated_hybrid
kg_base_al,2,1,12,sha256:1ef3828bd26a9404c98efbe68c2daf51c8d051c9d251c5689b4ae3856796b6c5,CYGA,V39C;D40Y;V54A,0.690206817298,2.61505770683,0.736880004406,0.685483870968,0.648331729126,active_learning:lightweight_calibrated_hybrid
kg_base_al,2,1,13,sha256:99527d4c0968c0e8e932b939fe6e1c9a52f5bd2e408da081d403cf6bbf0f1bef,LFGC,V39L;D40F;V54C,3.35884837877,2.95870280266,0.767204761505,0.645161290323,0.301109477401,active_learning:lightweight_calibrated_hybrid
kg_base_al,2,1,14,sha256:3fa07c46e7d0259ba56a74c1533d1f8bf13e298dd9bced0e748419291bc4eed0,IFGV,V39I;D40F,3.16744549033,3.0404548645,0.501151382923,0.604838709677,0.449240516978,active_learning:lightweight_calibrated_hybrid
kg_base_al,2,1,15,sha256:915b881aa31bfe7ff503bb05e5df8400a43f987aa10d7e4d9451afc5c689b47a,LHGV,V39L;D40H,3.35696195393,2.97975230217,0.490105479956,0.556451612903,0.331507295503,active_learning:lightweight_calibrated_hybrid
kg_base_al,2,1,16,sha256:0c27d24d79ae24742317846eba6b5fb65a951dee9c18a8ea61dff190fff050a8,LYGA,V39L;D40Y;V54A,3.48423401082,2.81504034996,0.768956303596,0.653225806452,0.575287790141,active_learning:lightweight_calibrated_hybrid
kg_base_al,2,2,1,sha256:3a7adba769d374f88cba01eb4686cb18884a40cfb15f1b9189d5b5e582f22637,LWGC,V39L;D40W;V54C,3.50389826225,3.64802694321,0.57310372591,0.814516129032,0.876079086248,active_learning:lightweight_calibrated_hybrid
kg_base_al,2,2,2,sha256:779e441d067cb6b1cd201cc3eb4947ef5510df8f1ce9a410d8c4ad94e5e5686c,CFFV,V39C;D40F;G41F,0.190052054511,0.445338606834,0.763069391251,0.322580645161,0.559017499403,active_learning:lightweight_calibrated_hybrid
kg_base_al,2,2,3,sha256:45258a5cea66b4f3981c05796398ff6d3d0b3b05209b3facc2913c93689acb7c,LVGV,V39L;D40V,1.76261911328,2.98840999603,0.402426898479,0.693548387097,0.802578643376,active_learning:lightweight_calibrated_hybrid
kg_base_al,2,2,4,sha256:45302fd2336c6f0c849be772b66c0a97eda8cb186cc1ecd62d3bdb256da12568,IWGC,V39I;D40W;V54C,3.95087308632,3.31418561935,0.609028100967,0.814516129032,0.792806613377,active_learning:lightweight_calibrated_hybrid
kg_base_al,2,2,5,sha256:dfe1a6563e1c5b2a010715539df81301d0449a80c6b13815aa0a937325778894,LHGH,V39L;D40H;V54H,0.06030813986,2.20703864098,0.785247683525,0.75,0.645053872104,active_learning:lightweight_calibrated_hybrid
kg_base_al,2,2,6,sha256:7426224e5b72b3ed239efd30dc5baf8a27836c30c4ff0cb5ed7893eb0a866b00,LHGC,V39L;D40H;V54C,2.67328306446,3.16856241226,0.623224616051,0.83064516129,0.828196500382,active_learning:lightweight_calibrated_hybrid
kg_base_al,2,2,7,sha256:9e6bbd4f6124c6f03b94ef7116ed62eb83b01136ff4517648fb376946f7cccca,CWGV,V39C;D40W,2.46026283378,3.17976617813,0.508957147598,0.637096774194,0.757037533714,active_learning:lightweight_calibrated_hybrid
kg_base_al,2,2,8,sha256:2d395c49a18615f638c916a7cac268b0bc071890ac52f425bfef2161b9dc4c88,CYGK,V39C;D40Y;V54K,1.00182184448,0.829516410828,0.782808065414,0.41935483871,0.644047346441,active_learning:lightweight_calibrated_hybrid
kg_base_al,2,2,9,sha256:57e3179b1d1a067cb6872c60ab339b56d38eff734ca283eed4b1cdf09d8b4fec,IYGM,V39I;D40Y;V54M,3.77421468466,2.63269472122,0.70186406374,0.814516129032,0.754260321059,active_learning:lightweight_calibrated_hybrid
kg_base_al,2,2,10,sha256:c004108080543f240c5cde5d7aab4cf985d8e8daf2178d547dd5d31573e78c0c,LWGA,V39L;D40W;V54A,2.74706776264,2.8573975563,0.491649955511,0.645161290323,0.847776911346,active_learning:lightweight_calibrated_hybrid
kg_base_al,2,2,11,sha256:1570ec779c25803667ec6a6e1039b1b6ebcc6c3385bc16344dffd9db29a4c2aa,LHYA,V39L;D40H;G41Y;V54A,0.443977456732,1.75703001022,0.814531683922,0.572580645161,0.631737970032,active_learning:lightweight_calibrated_hybrid
kg_base_al,2,2,12,sha256:50de3c6fdacfebe3f95b5c99eb96090a52566ed6dec9c9749eaff1347f340aec,LWYC,V39L;D40W;G41Y;V54C,0.163444190484,2.48683404922,0.787658810616,0.709677419355,0.743988104949,active_learning:lightweight_calibrated_hybrid
kg_base_al,2,2,13,sha256:6d8e0cdef006c0c23a734adb9e7c45f89b3af32d1ca32da46584df83134c67f0,IHGV,V39I;D40H,2.86764802541,2.8711938858,0.380501449108,0.564516129032,0.719533610501,active_learning:lightweight_calibrated_hybrid
kg_base_al,2,2,14,sha256:c6f7241c5baf429461d4155ada401c1e6713aba10862f39416bf438c68893b1e,LHGA,V39L;D40H;V54A,3.31082193929,2.63423395157,0.674191534519,0.709677419355,0.790181522377,active_learning:lightweight_calibrated_hybrid
kg_base_al,2,2,15,sha256:729777f57c1de4f7192124458c001137b87f4f76153c6c918f88f69ad4db96bb,IIGC,V39I;D40I;V54C,1.82733657639,2.41806411743,0.70847761631,0.604838709677,0.630785463595,active_learning:lightweight_calibrated_hybrid
kg_base_al,2,2,16,sha256:8cb6b7ff31c0b2b46054d659d140cd4b027c8c761b86aaada4e19478d97a77d0,LFGA,V39L;D40F;V54A,2.47369898132,2.48851585388,0.443979680538,0.524193548387,0.860475727501,active_learning:lightweight_calibrated_hybrid
kg_base_al,2,3,1,sha256:d2d594d35403556433317b73abecb4de407a8697160cd2de0d679cfddb2d6a26,LYGM,V39L;D40Y;V54M,3.71875958096,3.95431518555,0.519928514957,0.758064516129,0.827931012573,active_learning:lightweight_calibrated_hybrid
kg_base_al,2,3,2,sha256:bc073bfa4b13eed7bbb1ad67aec7800e55ee25af1dce80092e526a59c7ba85a6,IWGK,V39I;D40W;V54K,0.0458431200574,1.38952839375,0.871940255165,0.572580645161,0.618008650018,active_learning:lightweight_calibrated_hybrid
kg_base_al,2,3,3,sha256:67eafa8529a54ee33eb62dea181f14d69b8e8a6c3d3e0f3aca48fadeb52a484e,IWGM,V39I;D40W;V54M,5.2292463054,2.77803421021,0.686051905155,0.822580645161,0.758658274799,active_learning:lightweight_calibrated_hybrid
kg_base_al,2,3,4,sha256:724e43b3ebbc31b028f71bdb126cae0ce67f02a6cebaf54e3ddab90e6cc107b5,LFGM,V39L;D40F;V54M,2.86570385726,3.07046961784,0.635024607182,0.774193548387,0.745672600478,active_learning:lightweight_calibrated_hybrid
kg_base_al,2,3,5,sha256:2892958d39c0a58c556121f78cdac9a3607841fa8289ccd710558390db6feddf,PYGC,V39P;D40Y;V54C,0.040705445764,1.88596749306,0.808938860893,0.766129032258,0.640149166763,active_learning:lightweight_calibrated_hybrid
kg_base_al,2,3,6,sha256:1f7efd37915fc73fe686a340e7906d03e9160cc9986acf32b50d9785f7e4a6d0,LWGM,V39L;D40W;V54M,4.07080006436,2.79580330849,0.726220309734,0.870967741935,0.769501533573,active_learning:lightweight_calibrated_hybrid
kg_base_al,2,3,7,sha256:a4289905e52b1a6aa03e121e60a4d8622a126b9f7057120839e4d1cb2a975fa4,LHGM,V39L;D40H;V54M,2.81558334851,2.66280174255,0.700085580349,0.782258064516,0.68001353794,active_learning:lightweight_calibrated_hybrid
kg_base_al,2,3,8,sha256:751ab0cc88bddeb1ceeeac33dfd0df0a2e75999e6297de62ac0329bab72930d8,CYGP,V39C;D40Y;V54P,0.0275744445931,0.943802833557,0.807780742645,0.459677419355,0.579791522536,active_learning:lightweight_calibrated_hybrid
kg_base_al,2,3,9,sha256:9711c4bd33ab7894b3efe3fd7a4fa057ceff8c6fe92916e3db00bc89271813d1,IYDV,V39I;D40Y;G41D,0.00840349847298,1.93327689171,0.680578649044,0.604838709677,0.726190070511,active_learning:lightweight_calibrated_hybrid
kg_base_al,2,3,10,sha256:3b021ad710c412ff72590e1f76ea63f3d8470f55fdd4413f04e5e48f6becdad0,CYGI,V39C;D40Y;V54I,2.58003779169,2.69377303123,0.663340806961,0.685483870968,0.599870165986,active_learning:lightweight_calibrated_hybrid
kg_base_al,2,3,11,sha256:b9bddb41002511f77a7d383e1b848917788aff219dd5d0a85233cc3ebe9102ee,DYGC,V39D;D40Y;V54C,0.171302084257,1.67229807377,0.790158510208,0.645161290323,0.640419379631,active_learning:lightweight_calibrated_hybrid
kg_base_al,2,3,12,sha256:7ff7d37f3ca42fe916e5292a5f716adc266a1fae75870106aa1f1b0eb12564dd,IFGM,V39I;D40F;V54M,3.50893706815,2.7580242157,0.570862114429,0.653225806452,0.733876954025,active_learning:lightweight_calibrated_hybrid
kg_base_al,2,3,13,sha256:b9c6d45696f29b49b77bc9b7e885a4e70f719c07f7fa4eea170b173f046b429d,CYGM,V39C;D40Y;V54M,3.47686508497,2.4925661087,0.701557993889,0.733870967742,0.714765624275,active_learning:lightweight_calibrated_hybrid
kg_base_al,2,3,14,sha256:187bf4a7ad8ca6e9e3015ba357922df3b0b56fca4736d3a0e952e2d8ada21030,IHGA,V39I;D40H;V54A,2.42935851199,2.58057260513,0.513263821602,0.540322580645,0.70905862057,active_learning:lightweight_calibrated_hybrid
kg_base_al,2,3,15,sha256:ec5ad5d2f7e6d270f12f94668c7314840a00bf7e54f3c2b66f55b5bead4c6f06,CFGC,V39C;D40F;V54C,2.68771137002,2.43921470642,0.625007629395,0.556451612903,0.698358077485,active_learning:lightweight_calibrated_hybrid
kg_base_al,2,3,16,sha256:675833a4680f9493d436732befe433d271af4af210a0374668e56d15e8823200,MHGV,V39M;D40H,2.03729459697,2.11274528503,0.579923987389,0.411290322581,0.242620616929,active_learning:lightweight_calibrated_hybrid
kg_base_rag,0,1,1,sha256:335a9f68d105e1b2c741b6ced91d700d8ae50342735fa341a98379ae87245479,IWGV,V39I;D40W,3.72027820633,3.55763173103,0.524870932102,2.5280355439,0.421284590154,kg_llm_uq
kg_base_rag,0,1,2,sha256:f76dde0b09a70424006fc41e57e7585914152be6586fbe95e7f63f7dde771b00,LWGV,V39L;D40W,4.04596052161,3.56854867935,0.521978855133,2.48981053215,0.388045441273,kg_llm_uq
kg_base_rag,0,1,3,sha256:84edffd46cf58545dc887d21540771c0ef3b7db438daa8c07f982f06c3d41b58,IWGA,V39I;D40W;V54A,2.34593175792,2.40735673904,0.765517652035,2.16889795513,0.390415493101,kg_llm_uq
kg_base_rag,0,1,4,sha256:dd63966b253acc832fc7f9c13bb134d06080e91bbab94c62bd2d80ffadf70bde,CYGC,V39C;D40Y;V54C,3.56847515585,2.6862411499,0.749389350414,2.11850230109,0.58784795044,kg_llm_uq
kg_base_rag,0,1,5,sha256:44a636657855b95504090d15d1c1c314fc037458aedfdad6d298ed4dfeabf3e9,CWGA,V39C;D40W;V54A,0.384678364647,2.04423642159,0.777335822582,2.12311557195,0.464324871191,kg_llm_uq
kg_base_rag,0,1,6,sha256:0c27d24d79ae24742317846eba6b5fb65a951dee9c18a8ea61dff190fff050a8,LYGA,V39L;D40Y;V54A,3.48423401082,2.81503987312,0.768956303596,2.07715556037,0.575287790141,kg_llm_uq
kg_base_rag,0,1,7,sha256:c1b4e800f07cdf1f0c008b456d7c71348718002fd42ac0988da415e8d203ea12,IFGA,V39I;D40F;V54A,1.47154530648,2.29702377319,0.746022939682,2.04501621857,0.409730417485,kg_llm_uq
kg_base_rag,0,1,8,sha256:234fae72c8e1228f6b0796f15f2bbde6a4690a5b26596e7e81ef6b54cf55ef82,MYGA,V39M;D40Y;V54A,1.38191944788,1.86560678482,0.800472915173,2.04024822422,0.517615338889,kg_llm_uq
kg_base_rag,0,1,9,sha256:ffe88b36d5c1c6f272173d73871b6635e025145b3bfc6a6677d53f34b1a472df,GGGC,V39G;D40G;V54C,0.00435052912399,0.248624384403,0.799747169018,1.14945389423,-0.0522144816172,kg_llm_uq
kg_base_rag,0,1,10,sha256:ffd0640c87dfcda7fd02d5f67629c0913edac1a999ce4c3f6902286e360361c1,LNLV,V39L;D40N;G41L,0.581408643642,0.78200429678,0.755455076694,1.28520939474,0.112085938005,kg_llm_uq
kg_base_rag,0,1,11,sha256:f8ee04236ace863a6c1cf3e75d51c85514b655dd0f5db101c63a33f4488a70f1,IYGV,V39I;D40Y,4.38774529032,3.87966156006,0.497735828161,1.77841003654,0.692976442349,kg_llm_uq
kg_base_rag,0,1,12,sha256:8adcc9749599afd1dcad3ef9086feca9afaac8e0654ab85131de9e30f5b67919,LYGV,V39L;D40Y,5.07529943739,4.17281198502,0.486351251602,1.43662974971,0.671738076482,kg_llm_uq
kg_base_rag,0,1,13,sha256:3c713612e6e7377b7c72a990db12887dcfb299ecd7d25aa36e686796728b87a3,MYGV,V39M;D40Y,2.7993624312,2.881524086,0.555512607098,1.38886897851,0.598259966942,kg_llm_uq
kg_base_rag,0,1,14,sha256:187bf4a7ad8ca6e9e3015ba357922df3b0b56fca4736d3a0e952e2d8ada21030,IHGA,V39I;D40H;V54A,2.42935851199,2.14522600174,0.728267252445,2.0074122161,0.353092791917,kg_llm_uq
kg_base_rag,0,1,15,sha256:d05664b827f5087265ff8d7edbd02000546e8538f72270fc9585a4974800db7d,CWGC,V39C;D40W;V54C,2.70609039018,1.70338392258,0.826824963093,2.02596447938,0.384020213975,kg_llm_uq
kg_base_rag,0,1,16,sha256:3a7adba769d374f88cba01eb4686cb18884a40cfb15f1b9189d5b5e582f22637,LWGC,V39L;D40W;V54C,3.50389826225,2.52636027336,0.803082287312,1.95685062522,0.280055413736,kg_llm_uq
kg_base_rag,0,2,1,sha256:6426d92a5e51c3ecccddd0f5343ffaead003713e620db4591cc01d0c82cc0796,LYGC,V39L;D40Y;V54C,4.33564342865,4.59065675735,0.543087899685,2.11644990372,0.875457727165,kg_llm_uq
kg_base_rag,0,2,2,sha256:7426224e5b72b3ed239efd30dc5baf8a27836c30c4ff0cb5ed7893eb0a866b00,LHGC,V39L;D40H;V54C,2.67328306446,3.2556540966,0.701262295246,2.06447422553,0.701974134833,kg_llm_uq
kg_base_rag,0,2,3,sha256:99527d4c0968c0e8e932b939fe6e1c9a52f5bd2e408da081d403cf6bbf0f1bef,LFGC,V39L;D40F;V54C,3.35884837877,3.58014369011,0.624230861664,1.9532785471,0.70929092498,kg_llm_uq
kg_base_rag,0,2,4,sha256:22a7cd8d7b4178f7f9703976d32303e1a1d46b6b7fc3184ae1a72f783a4b9b39,IHGC,V39I;D40H;V54C,3.1086820343,2.87910079956,0.721823751926,1.92288480477,0.639690776037,kg_llm_uq
kg_base_rag,0,2,5,sha256:146f994851540dcf3fe10fcaf46e6423e3756b7291483e7288dfdd7a7e393fad,IYGA,V39I;D40Y;V54A,2.43521830222,2.80002713203,0.436474472284,1.89194577816,0.847072983919,kg_llm_uq
kg_base_rag,0,2,6,sha256:cad29236742d162b31dab9d4587a36b7578ea8c4a2ed7c7ce6832b41dd8696a0,IYGC,V39I;D40Y;V54C,4.4857497292,4.19613933563,0.598810613155,1.84391306617,0.846152806767,kg_llm_uq
kg_base_rag,0,2,7,sha256:8287e39d0cef852c01bf15c9447ec202121712f870911d9d5b16cd8d917834bc,IFGC,V39I;D40F;V54C,3.17097133842,3.19269108772,0.654505908489,1.8084171593,0.648220625758,kg_llm_uq
kg_base_rag,0,2,8,sha256:915b881aa31bfe7ff503bb05e5df8400a43f987aa10d7e4d9451afc5c689b47a,LHGV,V39L;D40H,3.35696195393,3.49740791321,0.407186955214,1.7578951829,0.752979932552,kg_llm_uq
kg_base_rag,0,2,9,sha256:69aa970a5da8dd8ab32e9b3a20ed9681d119400e27dea9f2400a3d9cf1fc7528,IHWV,V39I;D40H;G41W,0.0217095710741,1.09297227859,0.691435039043,1.80031219287,0.400883061268,kg_llm_uq
kg_base_rag,0,2,10,sha256:f706798cc194ec224811c6cd04767bcae20cb0b479b7884c8b4eb4f5ebd654c6,EHLV,V39E;D40H;G41L,0.0366883204078,0.197298526764,0.734358489513,0.826267693173,-0.0474130845858,kg_llm_uq
kg_base_rag,0,2,11,sha256:20195b5b78c30e852e2060f39f94012e49a3bff99fb5d7110689058ff28e15f2,VYGC,D40Y;V54C,4.0264439679,3.6982755661,0.575707435608,1.75331623966,0.863737417177,kg_llm_uq
kg_base_rag,0,2,12,sha256:184a753208ec312596faa7f79d17c5ec89deaa1ee61c07ae68f236b59ecf2a9c,VYGA,D40Y;V54A,2.40599752993,2.25616407394,0.499591141939,1.60203599575,0.864969764126,kg_llm_uq
kg_base_rag,0,2,13,sha256:9e6bbd4f6124c6f03b94ef7116ed62eb83b01136ff4517648fb376946f7cccca,CWGV,V39C;D40W,2.46026283378,2.67625689507,0.481523752213,1.54180583622,0.771893992003,kg_llm_uq
kg_base_rag,0,2,14,sha256:f48d56843e698c774d3d85ae33b0801c2dd5793951404dc4c7f0c276992bcf68,LHMK,V39L;D40H;G41M;V54K,0.00884139789713,1.36563539505,0.868569195271,1.71604362436,0.304992443736,kg_llm_uq
kg_base_rag,0,2,15,sha256:f3c5e5b6d263279d33bd83f1ab1488c240f795b351c570331a58aa125065a8f4,KWPA,V39K;D40W;G41P;V54A,0.0014128006949,-0.331279933453,0.854088068008,1.39138626761,0.349341614494,kg_llm_uq
kg_base_rag,0,2,16,sha256:ffc0d5ba000054ae905d45867dcf4f764b94f8952af7bff4ee21d145f30a7868,SWPA,V39S;D40W;G41P;V54A,0.00400853140492,-0.457231581211,0.815266668797,1.37280235876,0.320722847588,kg_llm_uq
kg_base_rag,0,3,1,sha256:648a58c1136e58ad2f1666370f4a11707df38a2f596407bb78af38ed9d142ad0,LFGV,V39L;D40F,4.02906611368,3.69983363152,0.310524493456,1.95478224263,0.839888032596,kg_llm_uq
kg_base_rag,0,3,2,sha256:45302fd2336c6f0c849be772b66c0a97eda8cb186cc1ecd62d3bdb256da12568,IWGC,V39I;D40W;V54C,3.95087308632,3.4687063694,0.419417411089,1.83761392569,0.815244817282,kg_llm_uq
kg_base_rag,0,3,3,sha256:ec5ad5d2f7e6d270f12f94668c7314840a00bf7e54f3c2b66f55b5bead4c6f06,CFGC,V39C;D40F;V54C,2.68771137002,2.46130228043,0.475665599108,1.84818046531,0.785812541303,kg_llm_uq
kg_base_rag,0,3,4,sha256:3fa07c46e7d0259ba56a74c1533d1f8bf13e298dd9bced0e748419291bc4eed0,IFGV,V39I;D40F,3.16744549033,3.12870764732,0.318749457598,1.84611748271,0.794727374537,kg_llm_uq
kg_base_rag,0,3,5,sha256:97fbc41d38df73a6e55713bdddb54d0dbc09fd9bacf63bc7db4b59e96dafe86d,LYGN,V39L;D40Y;V54N,3.31733074705,3.04269313812,0.578949451447,2.29481088635,0.80017575328,kg_llm_uq
kg_base_rag,0,3,6,sha256:27e93d5c1268257efbf6fa64c25baa05702197cc9eb80f0a65a6480c8b81a16e,CYSV,V39C;D40Y;G41S,0.0112444445051,2.17627000809,0.556290328503,2.23043195656,0.694356343274,kg_llm_uq
kg_base_rag,0,3,7,sha256:0b6dc62bbeb00e28b5fc586d799aee37291345f958ee5b8aea9d63a4e6780033,IYGT,V39I;D40Y;V54T,1.80231401446,2.43150615692,0.605017840862,2.145352027,0.77808662955,kg_llm_uq
kg_base_rag,0,3,8,sha256:9118a42e0189eb5c2e6387cd11974e91add4b2cbdf22c180fb6fccea22475fc2,CFGV,V39C;D40F,2.9257530725,2.58446216583,0.365828067064,1.63518839377,0.707930022456,kg_llm_uq
kg_base_rag,0,3,9,sha256:fe75d89ae22a1a05ae269d2cb7c9a689e5b4091b580b7655e388ec6b9346a3eb,QYGT,V39Q;D40Y;V54T,0.166000555526,1.47158157825,0.705038964748,2.17689702149,0.510878463749,kg_llm_uq
kg_base_rag,0,3,10,sha256:fef0f9769dde9436ae51faa36be6a4a73c8dbfe85acac39a21f402dfd4f4f786,PSGA,V39P;D40S;V54A,0.00455035973676,0.427164554596,0.705714523792,0.432297124957,0.0170474661053,kg_llm_uq
kg_base_rag,0,3,11,sha256:58fd6c6ccdf879ca0de927bc0fbf0a7e106f99ab526b5714d78b6f08f5f27c30,IYLC,V39I;D40Y;G41L;V54C,0.124293605321,2.18135452271,0.730514764786,2.08924124716,0.775440176248,kg_llm_uq
kg_base_rag,0,3,12,sha256:9b5f6bd1741a7fce97c44fb369f4b292ac8c8cf1632b2ef5687e25302e302bc6,LWIC,V39L;D40W;G41I;V54C,0.00835619923205,1.57637310028,0.737350821495,1.56553450659,0.695980676379,kg_llm_uq
kg_base_rag,0,3,13,sha256:fb22ceafe1f377dee9d9b0aa3a6cd537af6a44f00dc3742e6c4f06ad5b1f0249,CYGS,V39C;D40Y;V54S,0.541904012778,1.5802192688,0.618145823479,1.62061197948,0.683731402824,kg_llm_uq
kg_base_rag,0,3,14,sha256:d73c318ebfd36e1661c2327d7a79e92cf81917958921bdb536663aeae94a8706,LFLA,V39L;D40F;G41L;V54A,1.54730953215,1.21205604076,0.715642571449,1.66586172758,0.531386210049,kg_llm_uq
kg_base_rag,0,3,15,sha256:fe558f0cbdacf9dd7d96baffe2594d0f9bc8f317bce6efe9d1bf1afa738f15c9,MWAA,V39M;D40W;G41A;V54A,4.49222585755,0.562448382378,0.676957070827,1.23714753876,0.267443842122,kg_llm_uq
kg_base_rag,0,3,16,sha256:bc9ab8ad5552728be1c5bfd543c6727bc0aa678b015ad9fa1190ceb1342be907,LFTA,V39L;D40F;G41T;V54A,0.0102527911239,1.44799542427,0.56766551733,1.96407390949,0.57449674008,kg_llm_uq
kg_base_rag,1,1,1,sha256:146f994851540dcf3fe10fcaf46e6423e3756b7291483e7288dfdd7a7e393fad,IYGA,V39I;D40Y;V54A,2.43521830222,2.76680898666,0.705483555794,2.16459658303,0.592749726295,kg_llm_uq
kg_base_rag,1,1,2,sha256:8cb6b7ff31c0b2b46054d659d140cd4b027c8c761b86aaada4e19478d97a77d0,LFGA,V39L;D40F;V54A,2.47369898132,2.33754706383,0.746757745743,1.95378667609,0.387439115143,kg_llm_uq
kg_base_rag,1,1,3,sha256:bb0f98026ae3156f3fa0a8986d3f41021f90c5d30d7dc590c2309a0f4f877b40,LYGW,V39L;D40Y;V54W,2.10780626136,2.81864452362,0.762145340443,1.77805048127,0.50144640178,kg_llm_uq
kg_base_rag,1,1,4,sha256:f65687b40c0922c96a93f6017ce7fec555e3d3f654dc7f82b256f4af56aaf32d,LYAA,V39L;D40Y;G41A;V54A,4.89372839841,1.92252802849,0.822217285633,1.77429119054,0.422647299381,kg_llm_uq
kg_base_rag,1,1,5,sha256:3cff1ab1b454d306870f5191f9e7037202ea456da1872ba6b7ed0583765a0219,IYSA,V39I;D40Y;G41S;V54A,0.497522774316,1.92162442207,0.78288012743,1.79776165491,0.442242113233,kg_llm_uq
kg_base_rag,1,1,6,sha256:2af5a7980464045e0d52470542adf82bb4e06378aff58c4aac4f6b5e4daed5c5,IYLA,V39I;D40Y;G41L;V54A,0.328511231086,1.68277859688,0.812309324741,1.78603258462,0.424305565843,kg_llm_uq
kg_base_rag,1,1,7,sha256:6e06df983fec70f5ef8ae432fac36de77cce9404d8066e814d95dfa44e76042b,IYGQ,V39I;D40Y;V54Q,1.17504652082,1.91897702217,0.754921138287,1.76859990596,0.485202167964,kg_llm_uq
kg_base_rag,1,1,8,sha256:07beadee4dd27f8fc610222355212e03ab13f8995c692d981d234e0be63701ce,GYGA,V39G;D40Y;V54A,0.0163981482366,1.64492726326,0.752496421337,1.76132773703,0.474014215767,kg_llm_uq
kg_base_rag,1,1,9,sha256:ffba39f4c9c3f5db3dece4b6abc7de2411392e2b9fb73de2b101dff2f9145ccc,QFGM,V39Q;D40F;V54M,2.5805060492,1.39601361752,0.790383756161,1.30578631305,0.161385878234,kg_llm_uq
kg_base_rag,1,1,10,sha256:ffb567e3d3b5edfa3e8e73313f9a15226022a65e310693cf3730eaead266a527,ISGK,V39I;D40S;V54K,0.00966683960952,1.12094140053,0.777366220951,1.2778295446,0.110677751174,kg_llm_uq
kg_base_rag,1,1,11,sha256:95a50d9a8a35bc45e819dc2f36c165ad91dfc4ef850581d74ff0015d4fb1deb2,LYGH,V39L;D40Y;V54H,0.360889044728,2.26338291168,0.795127868652,1.72071450448,0.442032611085,kg_llm_uq
kg_base_rag,1,1,12,sha256:648a58c1136e58ad2f1666370f4a11707df38a2f596407bb78af38ed9d142ad0,LFGV,V39L;D40F,4.02906611368,3.24937391281,0.478277891874,1.02101642855,0.416948351614,kg_llm_uq
kg_base_rag,1,1,13,sha256:722af3f7b18b4575c1e272ac99b55a5d0480afd54454eb9026154f424edc3527,IFGT,V39I;D40F;V54T,1.18270190189,1.99694085121,0.773867964745,1.65551734888,0.313178611744,kg_llm_uq
kg_base_rag,1,1,14,sha256:d09c6087daba6b9a03fde1c1b06b1bc2e0169a7b7389b3adadb2578e1d0a56ee,IFHA,V39I;D40F;G41H;V54A,0.00316250001705,1.73599743843,0.808925926685,1.6933798813,0.281640451878,kg_llm_uq
kg_base_rag,1,1,15,sha256:4bb808c68f7e8c8bdaee57164270c2258559aaeb15b8e49c65f9db8d32a0b271,IGGA,V39I;D40G;V54A,0.167916667572,1.17356109619,0.681908607483,1.66535565798,0.2093021493,kg_llm_uq
kg_base_rag,1,1,16,sha256:af3704fd7d94e8e7cfafba7bc4bb795f9c6b65850eccaf7e08bcbf0e52d01389,IFIA,V39I;D40F;G41I;V54A,0.00390533249083,1.33847618103,0.866033792496,1.69334535992,0.281587342061,kg_llm_uq
kg_base_rag,1,2,1,sha256:f76dde0b09a70424006fc41e57e7585914152be6586fbe95e7f63f7dde771b00,LWGV,V39L;D40W,4.04596052161,3.95130491257,0.516536355019,3.12707405155,0.705203490545,kg_llm_uq
kg_base_rag,1,2,2,sha256:6f52849ed5582c913c4036ec9ab5a6fd81eeeba95fa319294e99462fc9994b6e,LFAV,V39L;D40F;G41A,0.430740508652,2.11982488632,0.723620772362,2.61639925182,0.702185039296,kg_llm_uq
kg_base_rag,1,2,3,sha256:c004108080543f240c5cde5d7aab4cf985d8e8daf2178d547dd5d31573e78c0c,LWGA,V39L;D40W;V54A,2.74706776264,2.14284348488,0.723059117794,2.40889815507,0.620245069105,kg_llm_uq
kg_base_rag,1,2,4,sha256:9c98b7aee3ea599bb41480b7542e1fa7aa3421f2d4446e5ee7846632edc5389c,LFAA,V39L;D40F;G41A;V54A,3.9045367895,3.42963171005,0.542628407478,2.23070382556,0.640465289543,kg_llm_uq
kg_base_rag,1,2,5,sha256:07953cc3dd7a0b30a84606c49f87ee90d179d10ad48b0ea966c8a0d47de45e56,LYAV,V39L;D40Y;G41A,0.759299251406,2.50902748108,0.74145835638,2.39252500119,0.725012735763,kg_llm_uq
kg_base_rag,1,2,6,sha256:a1a3c0ac9c6a774687eb53c6c69c99bdc859c63a4b65c020c95242775c0773d3,CFAA,V39C;D40F;G41A;V54A,1.32204902674,1.99300467968,0.844600617886,2.30949541063,0.529873947149,kg_llm_uq
kg_base_rag,1,2,7,sha256:44d6266fc3e431a843e6063206b6466d9041f52cf887446e0bbb69b0784da309,IFAA,V39I;D40F;G41A;V54A,3.75979387992,2.11534023285,0.595066010952,1.97825918775,0.431866267318,kg_llm_uq
kg_base_rag,1,2,8,sha256:6c7730ebfd4866835daf89a62670cb8773262df46c23f40398b4ac22efea3a0e,CYAA,V39C;D40Y;G41A;V54A,2.52242319068,2.83568143845,0.805486857891,2.16020836959,0.55451029481,kg_llm_uq
kg_base_rag,1,2,9,sha256:fc1a761c7fdabc6dbde3d6118564a6484b42808813fa49e0ccd0871ff6053847,CYAV,V39C;D40Y;G41A,0.0789027782032,1.71166193485,0.820273160934,2.40968872938,0.599783731318,kg_llm_uq
kg_base_rag,1,2,10,sha256:e6ed912b82cde5af94c4a080eb9a792c6ca80877524d63ec7360a90095c427b8,CWAA,V39C;D40W;G41A;V54A,2.18915278958,1.81897687912,0.942048668861,2.24489863688,0.466866006087,kg_llm_uq
kg_base_rag,1,2,11,sha256:b4dddfa750633734addf2af055cbc96473de5e3a2a0fa215a18abfa5f8583057,CWAV,V39C;D40W;G41A,0.0367486035501,1.19338047504,0.89984279871,2.32012170903,0.488728620747,kg_llm_uq
kg_base_rag,1,2,12,sha256:d1ee7e75c0754782805d0c6c02a5ff92c9961f5933f4d7d5a379be794c81c5d3,LWAV,V39L;D40W;G41A,0.378165613853,1.93513989449,0.789008438587,2.49044271439,0.64090714624,kg_llm_uq
kg_base_rag,1,2,13,sha256:8adcc9749599afd1dcad3ef9086feca9afaac8e0654ab85131de9e30f5b67919,LYGV,V39L;D40Y,5.07529943739,4.66633605957,0.404168248177,1.87623354833,0.805895736615,kg_llm_uq
kg_base_rag,1,2,14,sha256:335a9f68d105e1b2c741b6ced91d700d8ae50342735fa341a98379ae87245479,IWGV,V39I;D40W,3.72027820633,3.37754511833,0.566249072552,1.78988004094,0.276630686197,kg_llm_uq
kg_base_rag,1,2,15,sha256:9e6bbd4f6124c6f03b94ef7116ed62eb83b01136ff4517648fb376946f7cccca,CWGV,V39C;D40W,2.46026283378,2.96535611153,0.7104819417,2.21330610663,0.492679445406,kg_llm_uq
kg_base_rag,1,2,16,sha256:55731ab2721edbb1d5645e611a4129a1160f21abb38bfe22152c0a6e944fd009,WWGV,V39W;D40W,0.370586498508,1.67661619186,0.777987778187,1.83578919776,0.119838073869,kg_llm_uq
kg_base_rag,1,3,1,sha256:84edffd46cf58545dc887d21540771c0ef3b7db438daa8c07f982f06c3d41b58,IWGA,V39I;D40W;V54A,2.34593175792,2.54336333275,0.476956009865,1.93077542626,0.559905286125,kg_llm_uq
kg_base_rag,1,3,2,sha256:23a1820d1b88a295b419b3f37c491f0b8e758df95f4de7db422a68bfcfdedc1e,LFGD,V39L;D40F;V54D,0.17228095331,0.822453081608,0.819643318653,1.83203137476,0.594175280744,kg_llm_uq
kg_base_rag,1,3,3,sha256:8fc0755de9cdab91faf47b2acd1f7b0e95c20c28539871fa6f56ac8e6299a167,CFGA,V39C;D40F;V54A,0.342230191859,1.37566328049,0.758563220501,1.48079098421,0.628160155478,kg_llm_uq
kg_base_rag,1,3,4,sha256:44a636657855b95504090d15d1c1c314fc037458aedfdad6d298ed4dfeabf3e9,CWGA,V39C;D40W;V54A,0.384678364647,2.01080036163,0.781011760235,1.61879475791,0.611397412835,kg_llm_uq
kg_base_rag,1,3,5,sha256:b177d1243450c71eb498b38284634bed9fb4dfe5c011c77a82f93d3e376bf7b7,IYAV,V39I;D40Y;G41A,0.453771425161,0.547110915184,0.518706262112,1.52392544831,0.536595618131,kg_llm_uq
kg_base_rag,1,3,6,sha256:d853591e35af45ec74c2446e481cec88323ad0e13ce3e9c5a66eadd2f9ebba04,CFAV,V39C;D40F;G41A,0.0527578250106,-0.267040491104,0.5233694911,1.67808806787,0.589741359591,kg_llm_uq
kg_base_rag,1,3,7,sha256:3fa07c46e7d0259ba56a74c1533d1f8bf13e298dd9bced0e748419291bc4eed0,IFGV,V39I;D40F,3.16744549033,3.21693086624,0.384164333344,1.23093224894,0.545807955623,kg_llm_uq
kg_base_rag,1,3,8,sha256:ad20fc4f86c90ad91135a0f8757b90d3c79ec9cdb02d124fa9aceab46242e31a,LFIA,V39L;D40F;G41I;V54A,0.00490587221989,0.949473023415,0.554630637169,1.56483613593,0.583009151228,kg_llm_uq
kg_base_rag,1,3,9,sha256:0461235df0122fbabf92b8ddb5cc01d62676e4b7856449c46b7208415ef26754,IWRA,V39I;D40W;G41R;V54A,0.00367224930928,0.862038135529,0.963785052299,1.64934269175,0.396476566014,kg_llm_uq
kg_base_rag,1,3,10,sha256:0f7ec0eff57e8ce43342fe12ddb8c0f4e3bde6cd661552d76002369e13a6642b,IMAV,V39I;D40M;G41A,0.107783321687,0.400851786137,0.837610661983,1.34341653764,0.297243309503,kg_llm_uq
kg_base_rag,1,3,11,sha256:ffd0b779798cfab44054c754b3241cef064cd2c86a026c342c950a5a3dca6ba0,LWFV,V39L;D40W;G41F,2.03773137664,0.0190733671188,0.796464383602,1.95238801292,0.578250597154,kg_llm_uq
kg_base_rag,1,3,12,sha256:5c4c71e9eebd6ab2a25b9f9bb082a949a690f2fa1ab29ffb82e37e70595daffe,LYAL,V39L;D40Y;G41A;V54L,0.944905063417,0.88591080904,0.645295083523,1.83454520514,0.571780589832,kg_llm_uq
kg_base_rag,1,3,13,sha256:9118a42e0189eb5c2e6387cd11974e91add4b2cbdf22c180fb6fccea22475fc2,CFGV,V39C;D40F,2.9257530725,2.81899690628,0.492542177439,1.27094445407,0.623110015072,kg_llm_uq
kg_base_rag,1,3,14,sha256:c139cd66c31c49d08a630f77624d3621c2825494ef4e3864ae19a75ee9badf6b,CWMV,V39C;D40W;G41M,0.0304537038679,0.120993196964,0.766734302044,1.85120740695,0.330684662696,kg_llm_uq
kg_base_rag,1,3,15,sha256:6f5ea74f86e95dc974a41964d2727bb326666898eebbf5a1dfc4013c9695219c,EWAA,V39E;D40W;G41A;V54A,0.0461938204738,1.03063547611,0.876070320606,2.03117114796,0.435378830318,kg_llm_uq
kg_base_rag,1,3,16,sha256:a56ba2e046c48bd3fb15270054cc1dba1dacfe008710f48f04c8fbc00d281238,LWAY,V39L;D40W;G41A;V54Y,0.00884139789713,2.1179022789,0.792577445507,1.97582144522,0.539320597232,kg_llm_uq
kg_base_rag,2,1,1,sha256:9e6bbd4f6124c6f03b94ef7116ed62eb83b01136ff4517648fb376946f7cccca,CWGV,V39C;D40W,2.46026283378,2.77914071083,0.588627815247,2.59229380074,0.526314482216,kg_llm_uq
kg_base_rag,2,1,2,sha256:58db15f5f6e207865de082faa5d9241d2d78b00a2dc808b9d0b85fb6271e1861,VWGA,D40W;V54A,2.01352184821,1.94069337845,0.724384903908,2.55874071475,0.415265445584,kg_llm_uq
kg_base_rag,2,1,3,sha256:b63d2758865104c2aef21f9c6fcacaa861e8f3799eb68b9d20cc7bcad1e9cf8a,VAGA,D40A;V54A,1.75153255202,1.72575187683,0.647496044636,2.48763467952,0.305871545219,kg_llm_uq
kg_base_rag,2,1,4,sha256:91d71fc5fd3e619531eab321fad84e6d748606d7e18189be73e1f11daadbecdd,IAGV,V39I;D40A,2.5112156607,2.20636701584,0.468953758478,2.45730588121,0.31246972448,kg_llm_uq
kg_base_rag,2,1,5,sha256:4cd023359e77c93ecc5f350bbd97bba64d0696a04d8b6eca86cba02058bdd18d,LAGV,V39L;D40A,2.26023771846,2.38854622841,0.476647049189,2.41708736429,0.276163644564,kg_llm_uq
kg_base_rag,2,1,6,sha256:84edffd46cf58545dc887d21540771c0ef3b7db438daa8c07f982f06c3d41b58,IWGA,V39I;D40W;V54A,2.34593175792,2.40735697746,0.76551759243,2.16889795513,0.390415493101,kg_llm_uq
kg_base_rag,2,1,7,sha256:8dfd510cc5d833fdae80ec4190fa236a9a06f4dd1b5b6ae5585230b15db28328,IAGA,V39I;D40A;V54A,2.10735341512,1.99735307693,0.681027114391,2.12117782906,0.316999914528,kg_llm_uq
kg_base_rag,2,1,8,sha256:076b4b3416b01a0e84275c5cf27de37691b5179fe54adffecbad2c79f2a7f9ee,VWGC,D40W;V54C,4.23915557841,2.3335006237,0.722505509853,2.08736488977,0.28663035628,kg_llm_uq
kg_base_rag,2,1,9,sha256:ffe1c02391015550aa92b73006c9369e741d510302326117d2db4dfbe8c2f43e,VCWA,D40C;G41W;V54A,0.0178472869179,0.792017877102,0.774712085724,1.32233063671,0.0803076664709,kg_llm_uq
kg_base_rag,2,1,10,sha256:ffd38c1c8b2533acf8cd3a56d13bf9eee1542235fd6142e1732a9c65147887e6,CPDV,V39C;D40P;G41D,0.0101802381501,0.017930328846,0.664479672909,1.2879896735,0.116053393456,kg_llm_uq
kg_base_rag,2,1,11,sha256:f8ee04236ace863a6c1cf3e75d51c85514b655dd0f5db101c63a33f4488a70f1,IYGV,V39I;D40Y,4.38774529032,3.87966156006,0.497735828161,1.77841003654,0.692976442349,kg_llm_uq
kg_base_rag,2,1,12,sha256:184a753208ec312596faa7f79d17c5ec89deaa1ee61c07ae68f236b59ecf2a9c,VYGA,D40Y;V54A,2.40599752993,2.34028887749,0.694060921669,1.7728519791,0.689165120458,kg_llm_uq
kg_base_rag,2,1,13,sha256:8adcc9749599afd1dcad3ef9086feca9afaac8e0654ab85131de9e30f5b67919,LYGV,V39L;D40Y,5.07529943739,4.17281103134,0.486351311207,1.43662974971,0.671738076482,kg_llm_uq
kg_base_rag,2,1,14,sha256:9ba06b109151381846c37343f9142c61e9fa15b683b23094a495ae5609fa823b,VAGC,D40A;V54C,2.80027310747,2.00946855545,0.656427562237,2.00981959008,0.167329895226,kg_llm_uq
kg_base_rag,2,1,15,sha256:187bf4a7ad8ca6e9e3015ba357922df3b0b56fca4736d3a0e952e2d8ada21030,IHGA,V39I;D40H;V54A,2.42935851199,2.14522504807,0.728267371655,2.0074122161,0.353092791917,kg_llm_uq
kg_base_rag,2,1,16,sha256:d05664b827f5087265ff8d7edbd02000546e8538f72270fc9585a4974800db7d,CWGC,V39C;D40W;V54C,2.70609039018,1.703384161,0.826824963093,2.02596447938,0.384020213975,kg_llm_uq
kg_base_rag,2,2,1,sha256:6426d92a5e51c3ecccddd0f5343ffaead003713e620db4591cc01d0c82cc0796,LYGC,V39L;D40Y;V54C,4.33564342865,5.18996477127,0.607845366001,3.00096523268,0.858803931481,kg_llm_uq
kg_base_rag,2,2,2,sha256:0c27d24d79ae24742317846eba6b5fb65a951dee9c18a8ea61dff190fff050a8,LYGA,V39L;D40Y;V54A,3.48423401082,3.30371546745,0.487723618746,2.79045288635,0.842873686667,kg_llm_uq
kg_base_rag,2,2,3,sha256:99527d4c0968c0e8e932b939fe6e1c9a52f5bd2e408da081d403cf6bbf0f1bef,LFGC,V39L;D40F;V54C,3.35884837877,4.3118224144,0.664230644703,2.64504521767,0.67773988448,kg_llm_uq
kg_base_rag,2,2,4,sha256:1341a97d7217e64b2fc2aa592a9f0ef2de2578d49262200771967d460d350384,IAGC,V39I;D40A;V54C,2.62171251414,2.98586583138,0.542779743671,2.48603696283,0.720853802219,kg_llm_uq
kg_base_rag,2,2,5,sha256:3a7adba769d374f88cba01eb4686cb18884a40cfb15f1b9189d5b5e582f22637,LWGC,V39L;D40W;V54C,3.50389826225,4.27537536621,0.530750095844,2.495379199,0.774021734359,kg_llm_uq
kg_base_rag,2,2,6,sha256:1ef3828bd26a9404c98efbe68c2daf51c8d051c9d251c5689b4ae3856796b6c5,CYGA,V39C;D40Y;V54A,0.690206817298,2.69187474251,0.637100040913,2.43373727446,0.796542452781,kg_llm_uq
kg_base_rag,2,2,7,sha256:915b881aa31bfe7ff503bb05e5df8400a43f987aa10d7e4d9451afc5c689b47a,LHGV,V39L;D40H,3.35696195393,3.34971046448,0.39717015624,2.33643477709,0.661299638962,kg_llm_uq
kg_base_rag,2,2,8,sha256:6f8721d4e6354c82389a55d5622c66c0af2e220b627e5a2befb5318c2406bb87,LAGC,V39L;D40A;V54C,2.13297049761,3.16762042046,0.534262955189,2.34615326873,0.72136266247,kg_llm_uq
kg_base_rag,2,2,9,sha256:f913aeee479a7b51ad9d2bf8ac972d77f8128cfe5f977ee4ddc8d0392edf31b3,IDRV,V39I;G41R,0.00134354575888,0.580945611,0.461396574974,1.55462171555,0.402871388568,kg_llm_uq
kg_base_rag,2,2,10,sha256:f35ac26e4a026c16a82761eb8723db69172dccbd643adce40ef4aa37d96f891d,ITRV,V39I;D40T;G41R,0.00414312017738,0.933921873569,0.645627856255,1.66532801454,0.300283785327,kg_llm_uq
kg_base_rag,2,2,11,sha256:335a9f68d105e1b2c741b6ced91d700d8ae50342735fa341a98379ae87245479,IWGV,V39I;D40W,3.72027820633,3.72061729431,0.377455979586,1.78868980457,0.806308802843,kg_llm_uq
kg_base_rag,2,2,12,sha256:f76dde0b09a70424006fc41e57e7585914152be6586fbe95e7f63f7dde771b00,LWGV,V39L;D40W,4.04596052161,3.99259924889,0.389795690775,1.96393853551,0.806864439699,kg_llm_uq
kg_base_rag,2,2,13,sha256:45302fd2336c6f0c849be772b66c0a97eda8cb186cc1ecd62d3bdb256da12568,IWGC,V39I;D40W;V54C,3.95087308632,4.15771389008,0.5381539464,2.27748833141,0.773596393887,kg_llm_uq
kg_base_rag,2,2,14,sha256:ffeaef53c8b2b94a05dfe0f638069b02988519ac7712dabac9e28cde759e8a02,KAAA,V39K;D40A;G41A;V54A,0.22251253204,-0.105529069901,0.777846992016,1.20786555286,0.246175845493,kg_llm_uq
kg_base_rag,2,2,15,sha256:8cb6b7ff31c0b2b46054d659d140cd4b027c8c761b86aaada4e19478d97a77d0,LFGA,V39L;D40F;V54A,2.47369898132,2.63933634758,0.597545683384,2.31110667831,0.645279730003,kg_llm_uq
kg_base_rag,2,2,16,sha256:eb292d1b7d24ee793806f774525284b2a296d42bab75da355ab198965ff906d1,PAAA,V39P;D40A;G41A;V54A,0.0178926806108,0.14735263586,0.807708442211,1.18743873128,0.214728103085,kg_llm_uq
kg_base_rag,2,3,1,sha256:c004108080543f240c5cde5d7aab4cf985d8e8daf2178d547dd5d31573e78c0c,LWGA,V39L;D40W;V54A,2.74706776264,2.53181314468,0.428612411022,2.74697119505,0.845958674175,kg_llm_uq
kg_base_rag,2,3,2,sha256:7426224e5b72b3ed239efd30dc5baf8a27836c30c4ff0cb5ed7893eb0a866b00,LHGC,V39L;D40H;V54C,2.67328306446,2.74525880814,0.636676251888,2.52161096739,0.853707549899,kg_llm_uq
kg_base_rag,2,3,3,sha256:98f9f5945086c9403ac99c9086cf86462452115107c1e2faf95fc694b3495e59,IYLV,V39I;D40Y;G41L,0.0355597140972,1.55695390701,0.741547524929,2.54113759784,0.655700369818,kg_llm_uq
kg_base_rag,2,3,4,sha256:108a3dddf979c99fc4495a1937aa66047da49f56d50b56186c6029e5a173d293,EYGC,V39E;D40Y;V54C,2.31013096484,2.25513458252,0.754178702831,2.58943496774,0.73654422325,kg_llm_uq
kg_base_rag,2,3,5,sha256:648a58c1136e58ad2f1666370f4a11707df38a2f596407bb78af38ed9d142ad0,LFGV,V39L;D40F,4.02906611368,3.65801811218,0.314761787653,2.0657796255,0.871610597419,kg_llm_uq
kg_base_rag,2,3,6,sha256:4dc134999aaac11cca9963ee105d20891ff7c3e4b12fa27ab24960f98683406e,CHGC,V39C;D40H;V54C,2.04420487213,1.79346168041,0.762120366096,2.2783110969,0.684809084669,kg_llm_uq
kg_base_rag,2,3,7,sha256:88cbc7291ea9bf1b4b42b26e455c51f86bf3b3e3b643101cb3c88636ceda880e,LWTC,V39L;D40W;G41T;V54C,0.0145153167969,2.52680039406,0.647617638111,2.51432055093,0.798519283766,kg_llm_uq
kg_base_rag,2,3,8,sha256:c1b4e800f07cdf1f0c008b456d7c71348718002fd42ac0988da415e8d203ea12,IFGA,V39I;D40F;V54A,1.47154530648,2.20629763603,0.436812222004,1.89975891168,0.662705527888,kg_llm_uq
kg_base_rag,2,3,9,sha256:ffc0d5ba000054ae905d45867dcf4f764b94f8952af7bff4ee21d145f30a7868,SWPA,V39S;D40W;G41P;V54A,0.00400853140492,-0.000182628631592,0.821816205978,1.58381664803,0.320073917156,kg_llm_uq
kg_base_rag,2,3,10,sha256:ff193a823b4ec00b51ac1c36fc12c97b113f1c4a8ec3b643c03e70916a931dc3,IVGW,V39I;D40V;V54W,0.199852431633,2.06826543808,0.707373321056,1.49258356884,0.350022328018,kg_llm_uq
kg_base_rag,2,3,11,sha256:18343870d3fc1f174825e26494346c074b4220ba7987c2bb94cfc38b77a94280,LYTA,V39L;D40Y;G41T;V54A,0.0167088236195,2.40769958496,0.621476411819,2.30149873133,0.734184963711,kg_llm_uq
kg_base_rag,2,3,12,sha256:7ca18bcd63a8843406bf0937aad18e7039e0714cea82698a55f5a2fdc7dd15ab,LSGV,V39L;D40S,2.26769974438,2.05007791519,0.38336122036,1.82553180036,0.706142645775,kg_llm_uq
kg_base_rag,2,3,13,sha256:c6f7241c5baf429461d4155ada401c1e6713aba10862f39416bf438c68893b1e,LHGA,V39L;D40H;V54A,3.31082193929,2.53007411957,0.464426517487,1.7062964895,0.746380774245,kg_llm_uq
kg_base_rag,2,3,14,sha256:2604d9c5679e4981124a3eef531fe8babc96f28035c96c8976be9cfb7880190d,IEGV,V39I;D40E,0.505034033267,1.2950066328,0.450308799744,1.87469598986,0.341937481067,kg_llm_uq
kg_base_rag,2,3,15,sha256:6a8127bbcf461c52ec367ea0ea9118a4f3f6b946b22e8dae38c442e6e8eb5195,ICGV,V39I;D40C,1.57049240449,2.06127333641,0.475349873304,1.44909206612,0.356892222146,kg_llm_uq
kg_base_rag,2,3,16,sha256:a5d3ec8d6c8e82782bbe7c5a9032482a7eac842589f61a23086de105303ddfa1,IYEV,V39I;D40Y;G41E,0.00948750005115,2.21885156631,0.675527155399,2.31433837037,0.655071167601,kg_llm_uq
