variant_id,fitness,split_role
sha256:b4dce5f745262c50571a81b6eadb8ef7bd07359cb48cf61df802fb2b71bce36b,1.0,initial_observed
sha256:f5316042532b503179d77287458516fd6480d49b5c24afc579776feadf8fc79e,1.13788477532,initial_observed
sha256:5924ff78caaf2b008a8f84c4162b558d6ee7827519a65de110c880cdf71411e9,0.0190817511577,initial_observed
sha256:10bef8598a09caa02f6104435aa282885074478cd430afad6b05723661bd0f59,0.0078496420471,initial_observed
sha256:e27328be608eed6160dd5ff06bf1100db1d33073b76b9a4732f114530265dca7,0.00122907325027,initial_observed
sha256:59e232b9dffa2e2a870d36c40be9eef8bd40617e1f90bbbca7f81870995bc1d5,0.00204539802098,initial_observed
sha256:31bcc481ad2ea5159bed7fa744c0ef387004d899d940637a3ea951ed4a99b362,0.174578614374,initial_observed
sha256:ddebed55d4d56347d21aa24218b2441f4c6577e8248e8aa661b8cb8691f0669e,0.0,initial_observed
sha256:bc2044b356f26ab693eccd07a3a8b181d3d6e9fbb114b5bc3324fecf76baf727,0.0264739584761,initial_observed
sha256:38e05dfc265db9740bed3dfc255c1d3838265ed4d2a0ee13133a510525d9d30a,0.00990662655944,initial_observed
sha256:193c167fd5f29f4c3cd899c112a2812b578a0455d0cf8c60fd7d3f666fe87df4,0.0,initial_observed
sha256:712e3201bc6060d9f54ee6e1cf44183fc3222ab4f93425589bbaba6f014aa6f0,0.00234259260522,initial_observed
sha256:6dcd8a08888093981a5e047e25ee00d36fcf46d5204c4f10678bfea98d85e920,0.00308652404067,initial_observed
sha256:9da276a7c5ebd24dc316023d9a9c469f0f8bd2afa270b9369386c8cfdc63a931,0.0102781250554,initial_observed
sha256:dafd2489fec05bc9563f61b3f48b6f5836a2d5710c4d05d155d378ab32ad3559,0.0947723219396,initial_observed
sha256:817fec1abcec690f2afdac34649f832c709d3b56da8247cbf808512c22a36ad3,0.00508739368559,initial_observed
sha256:9409f46b6894acc699e50c41439b5b62211d60d8dc304884a393695d304ce3e8,0.0,initial_observed
sha256:2e7408027deb82b67e735ff1a09fc35d6bb8233095cb3cfe09c00703f62b0213,0.00158429673301,initial_observed
sha256:8c7b074b89cf08b406b408ccc13283e386ca3dbd023908791b8544ecf8fe5a78,0.0182722223207,initial_observed
sha256:abdf8b1f2e28d4bd899c17eb2253b4d26fe34d8ae6ef27b78d360e62f0652dd2,0.00476666669237,initial_observed
sha256:9485cc746d1ce447534c8c389f78c09ea8b938dd2041e9d3dca21cb07468dd40,0.00237222593378,initial_observed
sha256:b493b9981d7e4c38479180d26c4e7e5d0e02ad059df693f7f25bb3f35d8f2d92,0.00238852579356,initial_observed
sha256:07f4ca8685d5b99add305e257b368727c5dd1a4db93dcb4e5c995426fb635715,0.00661891697678,initial_observed
sha256:911a7f05bc9ff027e4550035218278b6e1fcfd101f7763ed9b123187cc6ed9be,0.00294713263238,initial_observed
sha256:5fb5d454de57cff234fcb783efab6a849521f1bee90bbff656c1d9de81fbd8b8,0.00296306307904,initial_observed
sha256:844f63ed09e38bbb8ac2a494bf49a46e4a2fd7cd6634ea0fbfa86b221d617bef,0.00297916668273,initial_observed
sha256:60f75543c7ba38ad67e780173c61cd5d056b238b3d61b865f5056495edf89231,0.0045528793158,initial_observed
sha256:3780416fc773219aa0343527e85296f9e7f2204b9f0a3c172387814d77f25d0f,0.0,initial_observed
sha256:ca15f0a80fb944b116cf095a1c5de4ee451e7291897d8fb262f9517ee2a73ab5,0.0,initial_observed
sha256:83952cc9d7c50ffa1115c403189ece7c6ad4d51d55469d672bba858ec5c550b2,0.00241129033558,initial_observed
sha256:10d331228d856fc79ed4f24874b73c30b3e22c2beebb5545f09502b9a710a151,0.00967352946392,initial_observed
sha256:8c1dbf1cd7c0a554c3e1e43773b8a93a728fc6a9e89375254442e5f5350fc5e8,0.00375456623029,initial_observed
sha256:fa06d281de2f0eb1b2139d24ad2f351f3ae99d81efdbb77c907c158460568391,0.163218165674,initial_observed
sha256:ab1ddcdefcee6b754718c51f324194b10476f675f7341eb620a663d44ecd22e2,0.0,initial_observed
sha256:b600db663902e8ada397e4498ae23b92ac8718daead9bb31513990d8269c1843,0.00183845724859,initial_observed
sha256:cae301050416e984707d366de3b56e1f09a411504de859689e9ecc88620aeb84,0.00315038315875,initial_observed
sha256:9098a80f192281626183008c0deec835267834f65847586e644723a69dee7b46,0.0193470589278,initial_observed
sha256:e9f61fa52499353a44548010d2527699ae6ae4eebbe8e8ba1a92a573d398cc5a,0.0169711043227,initial_observed
sha256:33a8a8e054037b376bba89a2c8f15e40005f5bb54acb345033582b0121b9249d,0.00122723881259,initial_observed
sha256:06ffdb27e5c3f8ad7fdf82e1394b11c3ef61d8bd3c261ec5563e025b6484a7e0,0.00224351979382,initial_observed
sha256:54f6fecccb7ce17344567fdc90a30ca5e1c26fa1f8e6d041d9777da2da8fac77,0.0082060878686,initial_observed
sha256:712114f23e3a35a17b7cd965de77b709af490cee45c31ca5ce2edf06802126f0,0.0,initial_observed
sha256:98ae0e092561433e1f06c4c012a9a2cce76fe9a2b7679480569813d1a8210dfe,0.00660441770629,initial_observed
sha256:bbade8f9c9608b085ed7a966ad50703d9e655c2805adab518d8cc27e151ce045,0.657069827021,initial_observed
sha256:883bf5d5aec529d2b95c60cb73ea1185cb82d1e2452283305d942344e67fc0b1,0.100848611655,initial_observed
sha256:742f4fb86d36ec88ba824feab8466011c386b62e59f8acc3030d3d7667cba8a1,0.00565120277961,initial_observed
sha256:f90b40b4453f358ea704887817ef103a23bcb63b95427ee1b61b6f0c35cd2f6c,0.00270318188613,initial_observed
sha256:55b04e74481756ad23185f1138a82525f545b31b2c9732d0a872d530253fa4ad,0.00179979675767,initial_observed
sha256:1d1381b1a6e73f5935ebce7f204306791536cc2cc13b2503a5915d007c115f30,0.0,initial_observed
sha256:727b86cae512e308c46c6642c881593573fef4565722c6c8f57b511096f734a2,0.00622916670025,initial_observed
sha256:85d3987a0831195c2a54eebc38cc58c37e0a9da0bcd66e7c39d6a26ddf7a2311,0.00346940930141,initial_observed
sha256:86498de442f6c161f115586cd3b4d3e1ddf2848fed17302b6974e18515662be9,0.0,initial_observed
sha256:6c8ce981ce261e023defe4919a22d33e91588f43ecb0c751bfb1b5fe957dbefe,0.0274083334811,initial_observed
sha256:f5fb166182372a4ea5d85a79368130f0f19143d5f6ed2209c57313cfeee91780,0.0024916666801,initial_observed
sha256:b4cb6b06ca18c41f32770460ffa2aacc0138e27910542fb41c439353f01f5f3c,0.00291578015757,initial_observed
sha256:d343aab5d37c6cbb451713886a22bb930d16fc499eb29e86fb113e4e88d925ec,0.00571006947523,initial_observed
sha256:1e536ceca73ca3f9b8afe4d400053fefcbd66aeae4a5fb5857612632cb0da25c,0.00160752689039,initial_observed
sha256:6bda92fdada5d4b5533e07fd089489ef2d0a6c7cb3cb7a0783aa2a0ead151f20,0.00317471044183,initial_observed
sha256:5bf28d6ea4159749fbeab08f71db8b577b5febd49031246ee5a8471ab09a6c60,0.00276851853345,initial_observed
sha256:2286e6b2ad54329a8f6df95b637e521d26757863cb330734916bcfa10de318c1,0.00106233850702,initial_observed
sha256:a529411cca6304cb46031e2acf3e9f8358361aec2e8534b6c64f9df5eebd7b94,0.0,initial_observed
sha256:511134ebf8cf5ecc638668a32990e379d568950af528ca6a7f5269208defc6df,0.0,initial_observed
sha256:38bef353caee8dc3b922fc45c5db21f5157392ebd8ac9f6b9b7c080e2cc718fa,0.0,initial_observed
sha256:7cbfc539b6b1b1579af043f71b08c18e5150594f0e3cd914292b2c9171c01113,0.0017251508092,initial_observed
sha256:eec6352a8e06800037e372f3c1c38f1c06cf5a067f213a04e0c4ca520293f51e,0.00159042554049,validation
sha256:51075cd9421b7b56de8e1b749cda9634e7700604552a9ea4ce4ca2f9978c75a8,0.465260246523,validation
sha256:b8d8ceba18f89300059b5f762f7284d3613b45fc77024bd53db1e49f18c385ef,1.78591534651,validation
sha256:4839b6bc464e85a62b54ab5ef04eaf5347943f56e0faf4fcc3ab8917c17cdc6b,0.380671298349,validation
sha256:d7602bb998cba8edd729c7a4cc76e3c3826c5204c132ad8b305f26e7c7a50618,0.00670540268651,validation
sha256:bffc589e417989eaba4842ca2d99db7511adcf60fe071da234b13c2abc7b4f6b,0.0207638890008,validation
sha256:dda0b612371685aa9f2d842816684283cb07e9ea13903e87eab5b6ab83d0ca22,0.0166111112007,validation
sha256:75af325b29f0819075c6dfcde6ff26305c3785ead3dba8c5f7b97d6caacf1522,0.0,validation
sha256:14b5d9044e51b70b8c8892196c0fee2c2b9d9c842a19db41a8e14340541d6bee,0.00225273973817,validation
sha256:6fdcd6e446eaf1dd6119dfff2580545c7e2c22a5b8793746fb1d472d0cbb0976,0.0697090562525,validation
sha256:39dacf7ac5dd3c40ac2c2a8be62b7cdbf2a02b0f2184699f435423f3e455a3fd,0.00486538464162,validation
sha256:5970efa543e8ead962fc89fec1d3d17acb22451f52200b87a5db112bfb0d1086,0.0,validation
sha256:312c931a70cfb5c8780d60354130382b7077791fee1c5b785fce4f7096718ba8,0.0218731000094,validation
sha256:f3731808743689d8a0562de850cce0b05f82eb8f28c84e04745d3d9d46f3c93c,0.00265842225811,validation
sha256:16d5d05556b6db6c65b840a93230f165bb6fc68380a631abad92ec32a6081f02,0.149253301135,validation
sha256:bab87f346700ead74c362d7c2252925670e02a02a2993e6350838dc4f4450390,0.00433523728172,validation
sha256:e5e8829199d85091b7b82842b71a9f3a621d6b489e9ccd9c04a29ae9fff59855,0.0244717263224,validation
sha256:85b885523e6150e8da234e0cc75cb83bf785b9e8ce7a9370bbda9c613629af42,0.00375456623029,validation
sha256:d72fddf8940a787e1a9ffa222245f1569f2de49d785735b3480a1d4577f14927,0.0053968589133,validation
sha256:1a27d7dbd2788b7403815f8781f65631d9ca2a8cc6900f80419e52d66449fa5d,0.0,validation
sha256:9575b8623aeb1ad72eb4fff709d2f18f017314ab9bea70015805d34a136971af,0.00440294513753,validation
sha256:9e5b262c5705248998292537ad6606e0432f8f398dac87bd3f049d38af152721,0.00266100325059,validation
sha256:ab857cc70b40c50867294eadb4d719ab509f2aff00dab00a0979993863aa0dc8,0.0161225491065,validation
sha256:6bed73c32ccf3fd3507dc5048c82f38efcc63358b1375a713bff388931091e87,0.00315946207275,validation
sha256:8a93cc98351e8541df1a30526dc0442ea04ee1e8363ed7c48cb2703bf2ff6884,0.0025311125906,validation
sha256:02274b001bed2f7d742047fef0072ba3f1a1df771c1c70d37d5d724faddf53cf,0.00329088052089,validation
sha256:301bc965a4ad5af293a481fce9f141703bbc60aa68571cf3bd2c71d43a5aedb8,0.00134863109483,validation
sha256:4ae8a1f0dfb7a55b40398117450a5f2d4eb2789d6f63aedf1b9818214123ecda,0.00964516134233,validation
sha256:6bb72ce3c0efddf3e87d9a01e321b972881c5e7605881d6f50ecb00c1c7aa5e5,0.0037804597905,validation
sha256:46486e5a9937a114fc103842b6129e3ce02905c86c7cf79d330f98e33342bad3,0.0221352714372,validation
sha256:945227d89a35e84ee46d633cd48f769346a6304bfbbe615b4fbc84c8501e6698,0.00414706558861,validation
sha256:c6c2f58b120f4713a3bd2500cbee53ebbd62d560f2d6aceef04255350a2217f1,0.0,validation
sha256:d7e7cc8c30f768c154805465232fa751c0a033395a9bc2fe17767b4ac29d576e,0.00540953950285,final_test
sha256:3b649f2a91c04623349dfe79293945b7a4d3beaf4af9bb002471231c8d01558f,0.0649679015849,final_test
sha256:da25eeed77f9911d4602e1f29dee449712b0f63a16452daea8cb4e929833f7a2,0.00197053377969,final_test
sha256:a8b042d1bad058252bb800289d38b7d9b09b71d516ee096a65a90809e65be756,0.0119166667309,final_test
sha256:23f95988492b6313f08d244303df7a18f4853770a00e7575a0a9994e6e48396e,0.0012601532635,final_test
sha256:bded40ac3604490196d8de3badebc0a947876da5b2a4c4328da51b0aca6d5ed1,0.00598197754548,final_test
sha256:62ed7c1b19f62e96218974439792333afc2251601bbf1fdc6c92b02c44285ec3,1.03295671228,final_test
sha256:4f181e647361d15f3cd552dafedfc86976bda87ef9b8effa91b96becd19c0d67,0.00336616282716,final_test
sha256:c6c0562fb5028af054efd57a42294e37ae7949266b86f22964355468e5fcf76b,0.00302854513603,final_test
sha256:c3677be5f7de1b0d23749658a6a0477bfe232f408b293c53508da7b6e732b5af,0.0,final_test
sha256:3804bb16aad10b1359d8174d2540dd7dbdab6438f68da6ed84132f2f01c8e212,0.0,final_test
sha256:8f36669c388d396a27e951fe8e4cc1f6f4a46958db90621d748501c0a7f44e02,1.17172646895,final_test
sha256:103327584b0c55ca55c399159e9e5143130937a64c1f20e67251a015d08246da,0.0,final_test
sha256:71f4812d3a76a37e6460d585ff79efc72a2e07b772394a29496cf18c94f7e578,0.00595833336546,final_test
sha256:8d5e8e963c1c942675d7be924aae9a0f0bd3059d69f882416f2a4524556bdfa3,0.0,final_test
sha256:ade4fe0ab67308a1aa20719111f862254ea267e43d28f85b3c23ef7d42593bd2,0.00453405020366,final_test
sha256:9703555e11f8c0ab7a7354372437173195a60c94c397427a681681635cfc0ce8,0.0180193195897,final_test
sha256:923264a05a68f41d581dbc9bce5be5945cc1a9b4d80f622867629fd2fce31962,0.00171123830267,final_test
sha256:7f65f6e6a59510a65fff8e42755f7f8bc47d7deefc0dea3371c87c416f321ce8,0.00301190477814,final_test
sha256:c5302f3d2e9b2ea8f04f47e56cdcef84cdba175ca48957de9a2072579d9bb667,0.00664444448027,final_test
sha256:e649a3335700821ca3a86f031b5a87be6b66df88061c9f0f2d5f7279699aab68,0.00213294423978,final_test
sha256:234c5beac561ccf1c1defb443f4e06d94c69736181cae103c8e98c9eba13c4d7,0.00355952382872,final_test
sha256:cbbdf75d277017056e2ab10a2ad70441ce39d98e93c211156b93c26da22dc815,0.0,final_test
sha256:65b410473c369ed2fdf113f235543bfe36365b6bec0eb19d5c7c21551a682a86,0.00212467701404,final_test
sha256:56e35b3fe93002b4031d5e9f21b9b31a2ce59fa0e726b1cb2761079698f7ec2b,0.0049833333602,final_test
sha256:0f120f7d15d5b1b07e8a408312c854e8475f61157a3aa92705985de8d8353282,0.00187728311514,final_test
sha256:e25b43c8a5592711eb9acf9e35f44d4b27376543a3b7ea11181fc41dec2cb084,0.00366666668644,final_test
sha256:9e833d0b09da52fc19be156fb38e310d7ed1964f673b7676ac80a8604862b054,0.00884139789713,final_test
sha256:b163e0652d7a3b76f56f2a8db7b4c163290143211c1cefdffc817bef6868208b,0.0,final_test
sha256:2ca84c5e1399a607cedae2a51e89eab8729f688bc2227ad8371ea29de853ed2e,0.0,final_test
sha256:f66422af5101c968843ba1f8bb8b5755e85fcd6d69c6cbd6bfecfa68c778b5a6,0.00346940930141,final_test
sha256:157652f782e3aeb339ba7a274a831efb38b0f0e4f96e45e2a0ecc4cac10234b3,0.00424935402808,final_test
sha256:362e90baf32e704001564bcc8dd550f9ed4812cab8fa5818f974021d6f5d2c5a,0.00178555918444,final_test
sha256:1d90bb6fa0ebc088bc027d1c67828c1e55516dbe90df434797bbd41506ccb9eb,0.0,final_test
sha256:fd0ea8513cba4c20e8ee87d008864a12be30bf2bc751ba7e7c5a3e90874c2086,0.00652579368598,final_test
sha256:2ba653d4bb6212dc090ca57a07a1bdd756e1b089722076a3a73f04f5511c82cc,0.00226515152736,final_test
sha256:f7c73485ba31e26382034757998f2c7ff1dc163ae1c811f736fd4ee8ccbeb436,0.000825552213286,final_test
sha256:9d8a4ad1cd76bb7fa7da1cac6e35deb802b527ac5c54178bd20d3559e5f01001,0.00298457351881,final_test
sha256:469cc1bbedf46eb398400fc101d95c34084fa3f26fcd20489258b01e6b8ab154,0.00318701552106,final_test
sha256:e8411ed0c239d7944df0278ce5c70a4de60c1c9d9557c2e36c688702351582b4,0.00589426526476,final_test
sha256:8a099c1c28bc5bdef315ce455769d40a4a9c435c5eb20aeb46466c661a1847b9,0.00783095242317,final_test
sha256:555e928c3e24a83f67d5642677ffffd964ee1fd7900b76e2b6413a0f7ea64cbc,0.00170238096156,final_test
sha256:223b2b9960521c61189ae1cd3ca7d6bc7a7666e6649525831a15e610848c1034,0.0050992248337,final_test
sha256:159f993713d1208290afb0644d609a2a4dfcfd20d258f5562820e3eddda38e26,0.013051587372,final_test
sha256:3fb38cf5d3ce0f5ec65d5d40e5b504874ac4f7a2d152e9e850323452b6aa2dba,0.00365444446415,final_test
sha256:e93813e1e907bc0c48ce65caf2100e8f95f7f4c907f8c4b14a12dfd188920379,0.00081089744027,final_test
sha256:5573bb450fb19c421eaac3ef001991cdb7da68bfda0a34047162c3a2e30268a9,0.0015550827507,final_test
sha256:33e40544a8f2ae72221103d87ca0933928bc4fdda4950804149745380bfca266,0.0621255558905,final_test
sha256:654edfba8e72b113ed6c9943dcefd08e14dcf0e84b76bbff72518bb821662f5c,0.0,final_test
sha256:ca02c8132a3bd5e8710c99ddb56baf08d78e276881f4d17686f801abe9a0b43b,0.00889519950705,final_test
sha256:727d397287a8d0d8150778b3dfb903893ec00463dba2e47dc7acc305399ee215,0.0036236979362,final_test
sha256:24d3346ad16f8bdcd2f09bfaaa36d195b785b75adcf70699d2c786b156ce6817,0.0,final_test
sha256:28467e9d312c67f256e24af957f0541233062f650e49fb67b0f167e60c9159df,0.540973874924,final_test
sha256:2c27ac752b28db08f64681a6584331148ffec71743af0f2aaf89db6b7fbab14e,0.00288508773485,final_test
sha256:36df7c9d47f33671d413e2b7e1795fb547dfcefa9071a4d96ba5af1b7a73ae79,0.0124113208216,final_test
sha256:9865844319aadc908933eeab7f9460215325d24c011054a7cb65243f7679ecbf,0.00409079604196,final_test
sha256:85b494cecf94f48cd39b2ab1655043b9f867185fa14923a7145ef728bdfa2a75,0.000984730544232,final_test
sha256:7e840d50c93518ebcb34f5e486a0e00ae7cea4173ddc2401ff7dc38442a9ba33,0.00199769194469,final_test
sha256:9eac9cc9a6f18c930b83a6f3a1d9a95a9d827b3105c424b6a5078f39cae728e9,0.0314053821138,final_test
sha256:39af6080bf787f690ffdc6d1d649afc5eb42adf1d7a0d1742062d0dfbf355ff6,0.0,final_test
sha256:932e77e9a4b16eec2332cd42f6bd43b23bf3a405d71c263df82bf9ebcc02dd2e,0.0123183521263,final_test
sha256:b6802616bae597a22b75832b7f68a2144d706238ec8c054b894d8f8414d21bf5,0.00873572381868,final_test
sha256:ee366283ae89be3850df0fd0e87edd8ff29df3d49177a229afcdb0614e009fe9,0.0,final_test
sha256:666c94a2ee929290b1b0f62d859765d8aead0a718cc6c3eb59b8324f38120fd4,0.00264304083714,final_test
sha256:76a64178dfb092cff23472efbb0669a1fd54e2693068da0f3c88766895161d2f,0.598922842735,oracle_pool
sha256:73fa0e2cb1f0810ee5a1b6ba65f306f8065f04b8723ebebcaa3bbc9a2e87e9af,0.00695482510478,oracle_pool
sha256:3d3c34dbe41b2662cbbf05620c26811810a062ff37623702ca36bb22c93f8087,0.0,oracle_pool
sha256:aa62fd1369c4c04736a7bffb8d351a98f88c095e00bd6c2d144d44266b796718,0.00274083334811,oracle_pool
sha256:8d7d2d5cf8a65d78331a8109d8565a109bbf6a5a0d9c2497a9fb0d82431a80db,0.00361163984378,oracle_pool
sha256:bd854c5e495e0780141d752690e412b1b9bd6a87bf6e78cb6661c6358e0b1fb5,0.0,oracle_pool
sha256:17d66790850dbb207c24a04ae008055b8c6a3c8dbb9df1d51bbf1116da00dbac,0.00595833336546,oracle_pool
sha256:53cf2f0d434e176faee9f927d428f108aed2450e2e406be2a268cb8076b867c3,0.00445191857391,oracle_pool
sha256:7095d3d15688996dd42b8c0fdcd75072322fc6f30142781d46ab264cf9d86be8,0.0,oracle_pool
sha256:35aa20fda4cba5cb96b54d71a0c07a445b54790b91e1d7e883d5d7a06a42f439,0.00183093717707,oracle_pool
sha256:c6840370b2528c63b3e28840ed06eec82a2ea9d5334c751b931b7f7d3670274e,0.0193016432966,oracle_pool
sha256:45d6cfc703bcd9247191070cdf48c23a571ab9b52cacbf32bc6449fc103edd0d,0.0,oracle_pool
sha256:5077deabda3583d9a5f4cf03744d376106398ecf2e81c17c49c9933deab7c368,0.00388770687675,oracle_pool
sha256:529165b3a92e6be4582a312715f31e9ff663ee909f801526e7970e9465a233de,0.225292734923,oracle_pool
sha256:58217f38758fec7033690d4102d612adbc64cb17cf78e72f7d397143f8cd0ee3,0.0017347046507,oracle_pool
sha256:835946efe4e512c5007312e6c61fbc84c44cb571e4eb47ab087909be81f0c1f8,0.042484130728,oracle_pool
sha256:f887e53e5361bcd61e5f59bcf23fe0577c47ffa527670033a39f571ef2743ebc,0.00604595591495,oracle_pool
sha256:82e92cdd47b729a9ddcb938a9e8d05e05a0540577c50cc6163aa50ae05b35659,0.00246921923253,oracle_pool
sha256:f2a4ba39d1c9a54bb8bac5a544b9c4c0fcfffdee0cb69e695ed022c2a30e3d58,0.00551173068176,oracle_pool
sha256:640947594f237505fe44c982518e4acb027de298e7b59e0f3d3a034fa7defe07,0.0557727716185,oracle_pool
sha256:06b2edb87519411a9e8600e583b802842d1181ef101584052f7b498867b9dcbf,0.0020820220767,oracle_pool
sha256:dcd41f3471fdcf1e76b1dd6953c7b539572c041e2c6ee0293e53302064281d4c,0.0100326454331,oracle_pool
sha256:05bab077d0c93756a32ebd19c0b16936b11813271ddd77b92ec2e0c6d4b219ff,0.0,oracle_pool
sha256:56db6646cf9d19dd5e27b5f894375c25c45fe0dfc769409ff091414883eba8a0,0.0162955223647,oracle_pool
sha256:85d9ce28407280f207a2455f339a054eff0cb6068f821fddeda9fdb4b4bb3b3b,0.572000003084,oracle_pool
sha256:fe2a11e971835e992de04d3eca5bac4f78f702d4412ca8af0d7e8e6a0d2beb46,0.00515422200419,oracle_pool
sha256:7c772a3857fa6993a399c0968422752e9664aa06b884c812cb6ef8971a4ca1b2,0.0,oracle_pool
sha256:abd8aab33d9108d520ea2b15988e03b8c8d4900cfbc56bfa06c31d299b5a09ac,0.0144159544937,oracle_pool
sha256:b592dacdff7b581d506ad0a7e3e93ae288374e63758598241861e9b7df0b3669,2.89862119544,oracle_pool
sha256:44c8b5c3fe87269ad2900de75cbaa99e02d936a9b7c0571344ffa1a97c0cc7e3,0.021083333447,oracle_pool
sha256:945998d134d16e7655d1999bd5ae1167a6a4e497540df1590fba3201632db452,0.0,oracle_pool
sha256:a3468483a917d379c4d6eb966e59b1ae4112bf53d189abef07992d7a1fd96124,0.0,oracle_pool
sha256:6fd7c0720573f9a4dec35e0ed7d1f7efd338355c25e93a0970602aaa384d8b8d,0.0251452600744,oracle_pool
sha256:12e90144b64bb5166c6dd1e81210e914050119d19ea3b44cf9978b1c369f7a07,1.24650160314,oracle_pool
sha256:a9b908ac2f01249fffeb71018f3f0abeae27e4c71b086846e5e4a777ff61bb03,0.00218393095467,oracle_pool
sha256:10a11858e0b73e2f4aa16a08de848b0a66cd301dc8a3d25a5e5004e1bad91a68,0.0,oracle_pool
sha256:3e5ac27837829b913ecb4971ba2827ad9754dccaab15d8791bb34636b34d25f1,0.0,oracle_pool
sha256:4cbe94c1f49bbc988be2b33f7dc625dfeafa7f805fb46bb52163708daa318747,0.0,oracle_pool
sha256:3c4bb9e6f46f7c277ce075d2e335faf547d9508010de602e9b4d2814d80b9891,0.00113570442601,oracle_pool
sha256:665d8dca58fac01244585572c7012ae1cc51658ca8812c4ac212683579f2c82c,0.0011679687563,oracle_pool
sha256:42723d1b6f11098cb61a653a10b1336aab6e52de0edfc1dbad29eed27a979d79,0.00346502319609,oracle_pool
sha256:c224e81ea06ab3b0fcd7610bae4b8ce86dc0741dd8e5867709ba32098aa60c7a,0.0138425926672,oracle_pool
sha256:73431aaf0953f3cbb20400f58d87f17f40459032c4deb38276eac16ac05b4961,0.0127718236165,oracle_pool
sha256:4cf2138fc81b5bf8e69ec1fbd9864835ef0d514722f2e37c9af765c99e680d2d,0.000941867129935,oracle_pool
sha256:9da1281748442be73269be6b39c97c9c4f0f5d36afb23f8cc8032b6eabb27802,0.0289745239657,oracle_pool
sha256:3a50d442be15f6da6c0e74fb2c92764fd10e0df03b228dcece55a803371b3940,0.105989930078,oracle_pool
sha256:3a5dfd1807dfd4da3f6c7fdb983512f35bfa625b92c53e974946ef44265a7682,0.0,oracle_pool
sha256:3628b690245f4afa6063178ec5c37ba7877fc99e20d7feefac10eedf76586461,0.0020410461103,oracle_pool
sha256:d5d51611719c9dd81935021200f3877a76c060cc1f19d5febf66373f851017d9,0.0,oracle_pool
sha256:9925a28f0124ca3afbe739eee9caff7c9c955e186f573d2bb96a421ee818c8d3,0.00700212899152,oracle_pool
sha256:6ee6a8b74b3ffac154100f24d689855caf3b594ccc6375828e85f300bf0678af,0.0113570442601,oracle_pool
sha256:c8ff8e4264b9619cc74309d95f05fa3a997dd2aad228fa82cd2fcdbe2e861fe1,0.0,oracle_pool
sha256:828833d5d6af995db7839cd60b4870b9b459d837bf7d8cd8ba547e1d36428122,0.0209046611297,oracle_pool
sha256:b8435eb6eaa05f8a4012b72bfc4bf56172a981330a0fa8be393b501e487f2d97,0.00317777779491,oracle_pool
sha256:107cda03366e5264913e15c6d807e9d27590fe2dcb0a73f0be690e3b1bd74254,0.0,oracle_pool
sha256:9610f97025e1703ed624f821d65c1ece0572c97f5309d963eea0f5c683d086d2,1.01802381501,oracle_pool
sha256:755fca67504b1c3b1f254d59f41736443d87309b809f305464ff884e273ddad1,0.649679015849,oracle_pool
sha256:64009c1d02e47e99dbc0cf61e2262a3b1b63483b99c926e62554188bab7b8e61,0.00299544628209,oracle_pool
sha256:3d9122d997d89845b355df4580350dc098f3b89ba2010579e9dc9f31b3da46ec,0.0399023470727,oracle_pool
sha256:2d99fecff9102b758ceb2036d75a4a0332d76544a4315e6bd39fa9898c1bbe69,0.0,oracle_pool
sha256:aa891717423f2f35b24eba724e21a1ab8e18b815682758a7b004016796e20d76,0.00179726776925,oracle_pool
sha256:3d991d6548ca44ac078f067de0af6cf11f637425de70a8791ddef6d4704b9c03,0.0128798559592,oracle_pool
sha256:49fc0c58b8d14c72494e53cb608b43eb52bd257d4a071ef3766a5270082f8da3,2.79323163271,oracle_pool
sha256:1c85a5896b2530f314a60edba0ba7b38ff011b2f508a5f9006eaa054550de9df,0.00288508773485,oracle_pool
sha256:ba7500117c59fc61a003d4a3e2af27ef5e4bacd628f22071b82e3f4eb3854b15,0.0138936252669,oracle_pool
sha256:935773c9fe075762781ee48efffa2b6b7db597c4ce60b6b9b3643f7201de5c6c,1.69560029163,oracle_pool
sha256:9d54492fc71f4dbfbcc27d245f480a3f202b119c6633199b13a7fb82cf53c7f2,0.0194765706508,oracle_pool
sha256:fe5101cee0e2a55df3eee50f1e9fddc1d18c4599b268d75a9e34c0cfa7e744a9,0.00301190477814,oracle_pool
sha256:ad22d97d0783687432c53edbf9eaf062fed95b3f7cf0ff38eaea8b21c13fc864,0.00110964912879,oracle_pool
sha256:8a1ceb9035901b34778424a0f29f634e09797697c3d747a66d0f6545827c41d7,0.00668495938564,oracle_pool
sha256:9cfb786cbaae823bc06f95bbcd08b55bd1717ab78a19e832f67f4635199c0e3d,0.0,oracle_pool
sha256:e7fd6895a698d176561389b8ad20ccca32574cc590b7f9a5f3295292d67cca2b,0.0,oracle_pool
sha256:d13068ae5fcfa58b3932832a8e88d0994fe4f48193f94196e25bfa26ad8e10e2,0.00600182484988,oracle_pool
sha256:cb089711e0aee77c7b31a54312a7861b8a76513e03a00c2787bdb09a02492803,0.0314964590933,oracle_pool
sha256:73513ae63b38cbe702e7e150d206504d0dd0cdb447154958826bd9f3b5dbc95c,0.0822250004433,oracle_pool
sha256:c2344e48dc9dcbeb0c7bde202bb09daa3ef82c5ac367e78174d3c7cd1b1f4a40,0.00311458335013,oracle_pool
sha256:d441a97cd0c72c0705f4be52595295c693e15c11af5544711c9737ef7cc51d4d,0.0,oracle_pool
sha256:091edaae43d96ca1bd5ddc760de252c72e38a9874c7a5381e6c4a57e86e8abc9,3.07578407265,oracle_pool
sha256:601a1004893f2ea0441a914c96bbcf79a2fa4f4209edf2b6097900254c3d35fc,0.00177687737317,oracle_pool
sha256:db02f211861cec0a8d39a3d8f87d2cec8c4c3021cb9568044912584ce772d939,0.00726048569036,oracle_pool
sha256:4e77ea89b3d12c2f2bcefd5aacdcf8e56d5a006f509d6692f00d76a4d057b254,0.00812098769811,oracle_pool
sha256:edaa9303f5d0d9f94d8a4f23eb4ab58b59d0f821eab81ac4256f0f27981ddc7f,0.00557338055343,oracle_pool
sha256:dcdc09a7e9f1ea5b29c9c0db793bcec160182af07c503678f2fb2386b7760433,0.00268911951135,oracle_pool
sha256:8e6e4c07566ce5ff9e40bbe8c5f3b47d72432170bce499329c7b5877ef57d991,0.00175694445392,oracle_pool
sha256:c081400700f17f899567d28e337bdadabdd54303bb09c9940e9c6b897cd3f683,0.00244717263224,oracle_pool
sha256:960b246af817626479f26de55fd0db8c6b162332c2f00ca1d57cd90809e61118,0.0,oracle_pool
sha256:a506e7af670cb0f65e63cf1b66141339f72ff061e206a767feae558c90313ac5,0.0,oracle_pool
sha256:69cba6b8a8e4044d5532e62b2de0cf316cd32c76dbba8e55fff0d59d52a14a79,0.354308585601,oracle_pool
sha256:2f31c86438744b5c3fc3a0b29a20486fd3abf6fff21ee998f355fa51b6ee9d1d,0.00511349505245,oracle_pool
sha256:08669aea95f7e4076546468bafff890330a32c4787adb87452a5ad7b1c9fbfe1,1.21994825219,oracle_pool
sha256:9da07396ac7a18318775f5cd696a6e463260eb04dcb5a16d26a7b1daad7d651a,0.0,oracle_pool
sha256:da44c0b043f2b6d20c2dd609449f89af77f88700a3bdaec5c6c9f4088b1e939b,0.00319113843894,oracle_pool
sha256:c2fb6902eeb4e7eb961c2b3b1be7a03ef1214e8d3eb5d9e83d378e08f8e3b972,0.00348706532839,oracle_pool
sha256:0d6485e38a45da77d09bdee04ab1c2a3078542c441f867371700d86881be5bb2,0.00214127605321,oracle_pool
sha256:c4e0e023b35a662e176703d4328a020d8182c9fe25f74deac5edd032c0445f05,0.00524561406337,oracle_pool
sha256:5a409258e2a1594c3249932ddac816b4f9978cee4661b3d507435f2b29e56b10,0.00255470485177,oracle_pool
sha256:6c2cd40386dd8f721b40930d282262292afb7fdf93f84ac17e853531efd73ddd,0.0223307469681,oracle_pool
sha256:b7269bf7344e8d3b3bd79322a5e02905ec983f47737717ae1c2ff11b57536dac,0.00591546765779,oracle_pool
sha256:9536773ebf6c34be7037407ebb9eabef41b28c5c23453ea0b3c1c69f913f5d5d,0.00321694054943,oracle_pool
sha256:44fa81fb5c1a1888c694a053e9b4ad316c645872066c6da802a12c91a87f0398,0.0460795126211,oracle_pool
sha256:12b73b4dbf97aa3849bb8431fcc7db0a840522d6ed91f05459b885e387bb203c,0.0,oracle_pool
sha256:ca41d60c819850bf7a0e446a91ff06590ba87cce5a2d1d29489f608b9778af25,0.0144254386743,oracle_pool
sha256:41ea7d8bb8de7c2dd25b5c650abe70fde32d1e8d357787cd89e6fb02f7dbe40b,0.0213571429723,oracle_pool
sha256:fab7d31e47562b1552b093038c76a090b6c308c92e632030fc5a8b9231d131a2,0.0018456790223,oracle_pool
sha256:1f2391614e0ed3a2598ff7f0e15c788109d20b031680fbc183ff0b9db2c9b4b1,0.00229358439172,oracle_pool
sha256:4aee0156109c93291434b721a6792b3440c22fea1f476596da5395649ecc74f0,0.00532200650119,oracle_pool
sha256:123124e70bf304d9d11ef0636644d5a2646fa85c32c98bc23a1a66e4e07fe0a9,0.00255470485177,oracle_pool
sha256:8b2a79709ec4fc78fd6c814f62927b208b26d892c7f2e4eb08c725c1f4b36270,0.0,oracle_pool
sha256:549ae637f8be4f34eb2ab014c6a181bad28c60ccda1237690d2740353934b23d,0.000471744121878,oracle_pool
sha256:ee3110f11555f560f331ad5718f40c2d7a6e9420db8306d5ed61a6f3494e285f,0.0150182649212,oracle_pool
sha256:67d6e7f5371bf80d2c6cea81553ef14ecd4e465cd7508f0a246e0ba78e40cdc3,0.00290547704747,oracle_pool
sha256:8a7d474f89f0f892c13d1ee2ffb2daaa91872caf375da857ccfe1a18a855d8c6,0.00126305684245,oracle_pool
sha256:b6ca2e843aa60a328b12711fb85813cdf14247f99bb7e7c7b57b6bfe3991c134,0.00913611116037,oracle_pool
sha256:fd55cc7e47f73f4962177119adaf30d662655068cc80bf6a2983cc83f339e042,0.013051587372,oracle_pool
sha256:e41b880aa239a4029b631fa8f5d74ee683468abbce58cbcfa5f7016da9b895fe,0.0,oracle_pool
sha256:5a054addf72d24dbafa47c538daa5ff6699b4d5cbfa123634d0db7eaf90ed2d5,0.0118697507202,oracle_pool
sha256:e95e24fcd8f553d7e5a3e6744fa7ca74bac5d981648defe4aa4692d118fcfbed,0.00321191407982,oracle_pool
sha256:e1c784d004ad8463f5ffaefc18181b86e31b7c65dbe44dbc1a448128ddfe7758,0.0595833336546,oracle_pool
sha256:71195baf3c75717e2f85ac71aa943940e87fefd05cb9754df44d9075b41d8163,0.000895697172585,oracle_pool
sha256:56109bbbf718923fe3cee40ed13c5e500d396300fb34d6627225f68bfab6f73f,0.00414023164367,oracle_pool
sha256:a87237f9e4a427b8d4ce62802e486ce1321255ab67f351be3b5eecfc7dfff353,0.00217718447776,oracle_pool
sha256:77ee1855a968c9bd7616a81e5543cea158420a4de4b83d2e8b91cd94181de11e,0.00622916670025,oracle_pool
sha256:aba4dc88dd20df66ada86a28f4530dd2262f1be2e61f1bba5931e546d4ab8676,0.00444459461856,oracle_pool
sha256:e2f18e337338a80298e5a48987717e80e68a087191f6be077b91d75f6b4b0482,0.00548447924968,oracle_pool
sha256:24ef20b50ab9fd8cb37415bb13f11d0c5d9b41a3ebd99568ae9b3a1ed869d0a2,0.0285774093168,oracle_pool
sha256:9506922fcc651f4547843055877f11b1a00394982e1397af5e396f889a2e5378,0.180473334306,oracle_pool
sha256:d8587c1ebce7bc5afbe5450aa5925ffefa8406390723cccc4c001751a6758839,0.0049833333602,oracle_pool
sha256:9c668850a7f9972da38fd492377f0bf1921c9df9b354515cd0b1329bdc9e976d,1.61161000869,oracle_pool
sha256:e605cbe1d2cf7bf525aff34d860a3c19ccdaa699b2ccc9c133759326f2931a49,0.00261863058737,oracle_pool
sha256:70eaee6a4035553b5c32e46e0481de90fdd5350e24f7552ca4107b877091be56,0.0,oracle_pool
sha256:3b54e5c3f6a2b67b6b2bee8a517e2b377c80f824802f3dd0b9ec9cd318ebf134,0.00270032842178,oracle_pool
sha256:eded136466f1f2943b3e2c4dcdf71414be265fa04295bf12a63cb1641c1039cb,0.00206595478501,oracle_pool
sha256:077dfb07113c46582cfdff95435faf0f3eabbb1f39a02dff0b3ce6c5c1fa40ad,0.00232274012552,oracle_pool
sha256:5064746bc39e45fffd1063bc0654db384548689e87f0ef6571227c0035352ce1,0.00517138367568,oracle_pool
sha256:4e200158913984f2aa6340a9820a2465178541bc37fec67d8a74f33502961604,0.0,oracle_pool
sha256:d17318c474f94eea4aa0684e52d4fbfe8804b137a6125dfab589ee7a2d3e9ca2,0.0112903646442,oracle_pool
sha256:0eb400af35bc652b51f68ebe844a8fd8001b937370e5a864facbf52ba24a8515,0.00151427256802,oracle_pool
sha256:7ee7b4ccd396d97857582cdaf63b6bd94283535696d6b78531cabacfa47ad9e0,0.00735794187412,oracle_pool
sha256:761f57a0ea6362182e64faae39599aa3fe2697d0c20c1edb637f3fa25ad14f1c,0.0,oracle_pool
sha256:213983c83f222469065796ce9e84fc9a3915b53824a4f45d6ff0d806c3e8b7a8,0.00814108915281,oracle_pool
sha256:444b3f08db1c749df512871912f8bf91844a13c2bc646f842ba9e5f2f5aa949d,0.00170768432904,oracle_pool
sha256:8019f9a3acc6e959172f71910db876c95db663f67f2e6ad605aa6db7dd35b166,0.00413710694055,oracle_pool
sha256:a9aca7e1fd2f544e80669f429a749f314875e0e59c561df8b6942fd942a204c2,0.00210294118781,oracle_pool
sha256:e7dafef3596878695fbcd3d27fb04a67fadff6cbca4473a5799b6735b3df5c88,0.00567068968575,oracle_pool
sha256:54031091f3aebe845880db74d5d6576500f33f140b25b00e37f138ae030b3900,1.11663580849,oracle_pool
sha256:91ef9d27de81f25aa42512e49c04c7dac61d102d30b1316270570aac1bc2e250,0.00380671298349,oracle_pool
sha256:6ea2c4f265e643f9ca0e8888d686aee79f72a155404cd4acc4fb09550a4a50df,0.0,oracle_pool
sha256:d2d670e58c14cfc8ac9d8dcd15bef644cd0e4e5c8f16f6d02af800b97f12c456,0.0108190790057,oracle_pool
sha256:0858d4d963eb9c1cd7c70f4ec14f539b99d0d661ef5db1bd051372407edb2b0f,0.0150182649212,oracle_pool
sha256:4f004094da15b3f7636d8c71d8f3523ef849d20e368ddc24ef7dab1cd4deccec,0.0,oracle_pool
sha256:93f6ca0b94e8f02767afaec7166684c3186b9c1f7f722437a5d73383c02924d1,0.0,oracle_pool
sha256:77aefc186026531436b6727551e016660fb3ed4b5954ad63c6bac8d5d5584411,0.0109633333924,oracle_pool
sha256:785a55148d2c09d07d9d20ccf832cf7ea22fb0aacbe64cb3e2fb76955c9265aa,0.0134354575888,oracle_pool
sha256:3bb3eda2fb79ff2a8cbc175df4484ffe13b813bccc129e04cd0162155063bcb0,0.0,oracle_pool
sha256:8e8b9cda2a44dbf8bc502946e18e0c19831b047874bd63cc17793f8f00370d13,0.00293810619246,oracle_pool
sha256:b5bdeb042493ddbfd0fcc3c6dbef82c21e817d365e698dfea103cc018843daf5,0.318895841081,oracle_pool
sha256:a948684da11342fa69c5b246c79ffb21802643ec53a287af105065782a93f2ec,0.00375576271411,oracle_pool
sha256:2021821f6a6518241d4951974fe8e07ca78c715a0244872b37aa8b7289b04e63,0.00342604168514,oracle_pool
sha256:0f2b040a054892b5ff99740a17aba080f6363db5d289081458707eb704883c75,0.00379917493798,oracle_pool
sha256:7c4690540ae7a671ab9db9de35e9ce031c5e314f26d126522c390c7f9aaab0c1,0.0,oracle_pool
sha256:107bfbab68566458adf5d3f1b970b1fdcf679877d432e624390a65d59aef83ac,0.0,oracle_pool
sha256:373749b5420fa9abccee33911ede3c7f2c3bd7456b8aa5714dacc00031483ba4,0.00119166667309,oracle_pool
sha256:d85dbd59a4e541413b18247bf3261fb6268645d42b01b7745dee0867e49249a9,0.0,oracle_pool
sha256:5c8b43744c161051836277fa46e025dbc5e454e75de37af36dd994dd5de376e6,0.0379166668711,oracle_pool
sha256:fcf4e2ef0d144ca7f008bd4991cb9271e41009050b37bb2962bb10a487ec723d,0.000767740433645,oracle_pool
sha256:3aeb610620b5662540ee9cedfd6c72f815dcced9988ff7c026dfe9b3b1107da4,0.0112636986909,oracle_pool
sha256:4151c4fae9a2aa51f225d47a0a36c490a4946080b4e2f42283fe11a1b5d474ce,0.0,oracle_pool
sha256:ec9f04eb9215f627c8c012d63f28788e2e233884abedafb1cb9b00089a7f1255,0.0030895061895,oracle_pool
sha256:406d5e52a3dbab7bd7918cbab95ac2eb550696d0dbb8de61efa6e53f831e21fb,0.120312235225,oracle_pool
sha256:5cbf9a3a26980b435aa2df1c56837b6507b56b350404ba2d9739c4acebbc4aed,0.00299544628209,oracle_pool
sha256:08e73888f811dfbc2ebf8154f3f1f2ae7a980c0a294b4f40bd09dc43156d3f17,0.00524203099366,oracle_pool
sha256:5b022b00e473e7b02fb55b67f77c52b8d95e60ca21938238fff8ddea021d3889,0.00272448642953,oracle_pool
sha256:91a7d34979d36221a5bc58a84d5bb60e2b4af3854ce1c12366ed37e8fb36742a,0.00401587303753,oracle_pool
sha256:ea5175f971b45d3223af86e37881532b80a4470e190a8df8ff6562d971e7d5fd,0.00487692766568,oracle_pool
sha256:b1b8f04b7715a06f0a9c8b36e0d7579cc824b8d7674a20fe53ad6a3510750573,0.0,oracle_pool
sha256:f7cf05f48eff17c0af89355f7258d445d97927f59c291ff86f4f40dac61331b2,0.00571006947523,oracle_pool
sha256:b02e5b5c9b07a6ca0e3678b0b746976db5a3422b59bfacb0ac4f2d0706fab318,0.00102269901049,oracle_pool
sha256:40afcaa085f41d48abce7a714d684e2e2e2ed926c53d3a0f7b8e38e3caabf354,0.0,oracle_pool
sha256:40ea81b9c2b9b118c8434c02d8d3b140668bb350fbc036ccd69ea7c9faae0b30,0.0,oracle_pool
sha256:fe31aff5ca11cba438847027fa833e1c6896eb77003d04d7456811dd8653fedd,0.00478052328159,oracle_pool
sha256:09a067b5cbbf6aaa68bbd945b20b838443e7c713f9669aacf7bea540174af809,0.0099666667204,oracle_pool
sha256:342e70bf9a5e0241f5a1ecd18a88e5529dece39284a3847759bc1f428c1a21fb,0.0,oracle_pool
sha256:e76b9e0eea08953002803d9c0b151cfbf9aefc5da885d280b33b8c921f00fe3d,0.0,oracle_pool
sha256:70db1e889ec6de0115a718a42ec539c68549d8497e24cb3d3dea7b2d5a9c50e7,0.00858950621915,oracle_pool
sha256:b49003e73832b847d83b60ff8df2ee6b1c7acbd140bebaf904681bbc0d980676,0.0,oracle_pool
sha256:aaed1c13cc9a51b5dcb108daf26d838474d5bc020ce6f61bb4a1b17abf6206d0,0.00166111112007,oracle_pool
sha256:801ca3fe60b1693f38fc4ac78421b897cd08a7122e2493325f68544aa4e901b9,0.00142012090576,oracle_pool
sha256:0e3067d505e5a3e9d098e3eb190db2269ce41bd01e28fd341cba1106d7da77cd,0.00380671298349,oracle_pool
sha256:5a5177374a050fd4f9399b223f92918fee4f6f2840455e437c7852c5b9a06828,0.00165110442657,oracle_pool
sha256:5834dc1cbecfd49acf4303fc73022356389296a5d490ce9d65b4881f5d530192,0.0142380953149,oracle_pool
sha256:36a62a1984a1dba348ab01401f9dec97dda05a63532687613a7fe71764464f2d,0.00133373885553,oracle_pool
sha256:2497f6ceee2b1c442c899b10076084498cc536ee3674ff3c19ff0c080820b8c2,0.0,oracle_pool
sha256:6bb8c04a131f8f858f88de79a33e88320216bb6ec561edc2f11ec1353e51b097,0.0,oracle_pool
sha256:70790befdd5faa9f005a49dc249bbafc7ea58149677eac8668112445568d7a5d,0.0044411651474,oracle_pool
sha256:220168f33bb466af099856767ef4fb32632656cfdf799ef6089ddceda1230962,0.00704785718086,oracle_pool
sha256:c897a0342ba54d61baa4e882fa6fb752995f9eccafaa04600eecb2e1f6a1ce9f,0.0149500000806,oracle_pool
sha256:dc823f68ac377207f11d8d7e71e6f3cba22ed02eb84a046cefa73316f4208057,0.00171436018647,oracle_pool
sha256:e4c40d12e69e7e2f53410216b4a5f810bd67877fb4e2297f4bc967a2b778cbf7,0.00260205697605,oracle_pool
sha256:657667a294e4e8a3d620b7cc74a0cf3e85d88b9f5374be082e507dbd42b50164,0.0,oracle_pool
sha256:3b9435f18b3984c41a430af0e163e6dae1d10bfef033750a1254d5322a069420,0.0,oracle_pool
sha256:9da3d1c2d7e61925d8b8d5815f7749020ee8cb0fa94b3cbb1b590613a1734ae8,0.0,oracle_pool
sha256:556243cd97a843ee83efdd8c22628397f2b1e8c5d6f274999210a9e478c860b0,0.0146830357935,oracle_pool
sha256:0485c875dc01e2ac2e10fbb52293c43f3afda33f943f4dca0c24cf64d29f90d2,0.645228942636,oracle_pool
sha256:16c05e8a86bad940df19e1aee67757faf386ce148400f6e8b966b7935d62ce22,0.0,oracle_pool
sha256:d1686ed2ea4ec40a8c46a8dbc1d57e616a6ae958a51cd3eda1250af02607bc48,0.000985911276299,oracle_pool
sha256:77ef880dc9b9fc40f801d48ee08430856d5c696d683aaddf95627914dc8d0824,0.0074076576976,oracle_pool
sha256:d3ddb6d3b83bb5adcd38dc89b598aac57fe9f5e0c4572ac886a3b1225175ea71,0.0,oracle_pool
sha256:237b4489e93b7f6bd13d8323a846262c6e13f3208af0f77e46c59fb4cbb35b32,0.00207115870134,oracle_pool
sha256:511f731eede7b805706fe23da5f4869d3a3f6ba5669891fd6d343ad0768d3655,0.03786677652,oracle_pool
sha256:21729277bde77eb66fc27a4e36d21e27ee6fb515a9da3e6bd83755f8220432ff,0.00878472226959,oracle_pool
sha256:1efdc5378a7bd10b0ddfcea5ebc3aafd9528b39edf4f590402f4b4aa6a45fbdb,0.00195773810579,oracle_pool
sha256:876fabe963765d4e356b3ce8d48b185e394935360a1698f141ff4d5e0e7b5a06,0.00324309771166,oracle_pool
sha256:845d8a893521c9d3e792fcd09f02da44d1b6983325ec2ed6674e884b64e960aa,0.00365749237446,oracle_pool
sha256:1d515e681dbb074ee9a0b3dba6d3a7918eae145f4ddbafcad71fe7f13ca1719d,0.00225582991614,oracle_pool
sha256:9a65b8c05ff4445cf518b93b9f6834386e8a036312c2e9a8a57d24bc92276785,0.00674478005128,oracle_pool
sha256:5ef52a4d09e0419e0168364f39b06804dc4204f6cf53411a1efbb46b9f690e54,0.00943488243756,oracle_pool
sha256:d9849819d4d7fc938ceedcaf5a4b23e87cda6cf261075a609d77e93f33ab3826,0.00166111112007,oracle_pool
sha256:f9d684ed9b91ef099498dc9f1add6647c43472c231ddb9c6c250bc4ddafd793c,0.00228402779009,oracle_pool
sha256:eea9d2b7040836d1757474d0a5167d7f8083df52a2de02ba4fa2a173ca823740,0.00110964912879,oracle_pool
sha256:7b5e1be27bf6c8e2267ab4bcd01ad7dfa69e403866ee80477df50e93337e3604,0.0113024055592,oracle_pool
sha256:4ed1828141f6119e442460a4c846578aa41a830d499eccfb9864826a0f343697,0.0074076576976,oracle_pool
sha256:fc6816fffe825672cff5e166adf14cc16702852ef171e7d3314876e960e443b8,0.00189022989525,oracle_pool
sha256:2014e22211b34d7c324931b7808e0c71e966cd662df6cabff3cb95b2f028f129,0.002002069648,oracle_pool
sha256:d0376574303ef3d2b9083feb52905e7dcbd08a08342c4e5ff45fec48eb98b99f,0.963822987026,oracle_pool
sha256:b22c0b3da0cc8abf3603329d47a8cc7bf9e611ebeedc9e6089ad99a876969a6d,0.00176827957943,oracle_pool
sha256:9410bda31f9ab22814a4dfb2e8c7184364f57e68f881d77d2f914dc1cb825014,0.0,oracle_pool
sha256:31657fe83f0e1b2eb254e33303f822453b53a27cbab76b5687f4a5f19988c4f8,0.0,oracle_pool
sha256:8c69ef1674e1fa4ef430b56ffd194cf73648d53c4cbca817f06696fefffdb90e,0.0,oracle_pool
sha256:b390e358ae4497804df03ce25fbb4798651e1a27f3460ad8a7f3080e18b4ea44,0.010370118038,oracle_pool
sha256:1cccfd0e1f483d9a1ef1937ca3ea6d8af96388755b982ce5c7c900fd3ac7dc31,0.00507561731132,oracle_pool
sha256:f285957002b5634000a2feb49a31bce75ebb801062e8710cb23de68055869e12,0.0,oracle_pool
sha256:1d977cfd78470e4b2d3477555c877eb34832476884d3a105b72c0ee1135d3eff,0.361765475478,oracle_pool
sha256:934974be073d987c1a56c0dc793acb3f7d7ca3e91cc7736b396ffb4384c025d2,2.29392377123,oracle_pool
sha256:6b852201220b5499b22e71b7c2c0462cbad947e0e22ab2ee9928527c45c88e94,0.0,oracle_pool
sha256:6af928cf0dd7b336aaeb654a26e3fb670c2650230eef34a588578d9b681e1b6e,0.00693881860281,oracle_pool
sha256:d1ff4c3c7d2aed3f1485da584ef24216c31361ab7e29779f062cf9b1448004ac,0.0,oracle_pool
sha256:8b88fc65a99a66962e9533ec00d2a080ccc94f993e804e6f9124e1be2d411783,0.00320190811695,oracle_pool
sha256:ff450a81434ae464098dab661475b6138e52bc52ab0f56ed7a4f0a6afa9d17a5,0.00391547621159,oracle_pool
sha256:01cc31b02a1e84c3ec07432f7d872674a540f84d66d68e6a1dbdecc737157b65,0.0,oracle_pool
sha256:b26c17904b71c0c09570bbd32a9371027dbcd260fe83a3abd34f3daaed8c4c83,0.0074076576976,oracle_pool
sha256:a87a8b45fe491c499d8f4619a2acc50a55ca876531adf2a810dd37ef815250d0,0.00389691945229,oracle_pool
sha256:23840d9d1591a37f8c0626bdc67000d4d8f2225db80b9c0eefd24a10d2933223,0.0,oracle_pool
sha256:fbdb966d3f3d53ebeebce6786369f3a7f4c7e6fd23044b1ed7ed032e2bf633b9,0.00428255210642,oracle_pool
sha256:2a89bdbfe4a9b165a59f4c8117bc90552000f850be56a3b062645fdc95b58e20,0.00276851853345,oracle_pool
sha256:3a0bb7b57de9d1c87bf4b5804a01d816f673e5bc4f2386454c3105c919ba0651,0.0465424530811,oracle_pool
sha256:f9bbe35a2c27c6686062921cf319af4885a0e1029e66e2b192ccbcd8e4ec09d1,0.00537418303551,oracle_pool
sha256:e57d5663291ed50027c7ec956e7c2a5d923b22e8ace2b0ce739705b1f5739756,0.025507755612,oracle_pool
sha256:6d68a2dc37121094707faeab6ab0c26761fbf389c986becf21fe7c50c53094ec,0.00326289684299,oracle_pool
sha256:d44dd22febf217624ea290d9b1c1f1cb05352a68379b362088017561d215f184,0.00294713263238,oracle_pool
sha256:8b355cc74df37ef5b9e32d21a78ca2237fef85008fb2a83672ed472085b722a8,0.02520306527,oracle_pool
sha256:8041e7c8589fb21ac87cc7ca1e7219def16dafee51b9b4f0393a4fa0c6f26c5b,0.00227026858654,oracle_pool
sha256:0fc16bde4d131ab381c5a58c97c74f111241880c0c3a4685cdbb3e3e29d824a3,0.00482966228742,oracle_pool
sha256:082c86f33193f44f1a2d75498c27a5af1bb8a968b3dd727221049c8550bba3fc,0.012502046851,oracle_pool
sha256:e274b9b1e4aa0b2b013056d6aadd8bfb641adf4b7eb20865150f095a738dc5f0,0.00354498526985,oracle_pool
sha256:c247333ebbd2496c196d938f74e46745a21c0950e98a31fabba492c3e6598585,0.00228191490592,oracle_pool
sha256:01773a9b27c6e574be39c841ce817d0edceb991186ea8db656e371f090cb1739,0.0,oracle_pool
sha256:28b9261aa4e3fb497d4c5cbfc10d6c0a89072936349efbfa3789048eaf729a0b,0.0,oracle_pool
sha256:2807070913db34f52e5f040c9852157216bee04fae9f49b06a69bb0b84d885a0,0.00224658471157,oracle_pool
sha256:634ae2e69f452db1bce1ce1d2b55845fb377d60133b8ef38b1b739fcf4250d92,0.0013305016253,oracle_pool
sha256:2afe66cb78e89210d114407606a7751a1f2dc704ca4ff214f33057f749ec8666,0.0400706629841,oracle_pool
sha256:014b563a9bb23084b539654c5eb57fb8817823d24bef8cec89fb2251e4e11045,0.00482966228742,oracle_pool
sha256:045d90cd94baec1a1917422a1ac9c23f0ce8e205b6da461e8754bb3442039bbe,0.00194689927579,oracle_pool
sha256:ffc91afb84b8ce8122c44676275821a49c611d97137afa8788b9ed223b3d009d,0.0111251538115,oracle_pool
sha256:efd0a5ce3f4b9831e766896e423651d2c2242a64efea452b6f4420558d405f1e,0.00399538388937,oracle_pool
sha256:5f9b716b5af1af08c3635213b06bd6991c39e3eca343cd4a5352d0a0193bd58b,0.00390154213254,oracle_pool
sha256:725a023a3ffcfd17bd398b590a951a0700d4fd99f7e88f93cf1aad702d7d2608,0.00498918577754,oracle_pool
sha256:8aab7c8890b3790d012e4f9f55592eac5d692da9b38d06acd13b52d222818610,0.00346392840204,oracle_pool
sha256:47ff68da39e3f4e099733973a99abe839db1f26d074a6d16014c6ef3111aa860,0.0948563866209,oracle_pool
sha256:722d3bc0f8dfc5c7dd398cd197bec08379cd87b9c0a838fc7876361bf4fcc0cc,0.00230322130093,oracle_pool
sha256:66c12ce4c23def73d5154d2cd5ac74ec144d4a0cb02f20b505c22a285b248bfa,0.0,oracle_pool
sha256:c50932a6264db1de29abd061ac483a542db72cb930663ae1d92afdeeea2b2415,0.0,oracle_pool
sha256:8296c9b5d0ece85798773c1dd672098dfc8f4768f2a056c2b9f8e6683be25a43,0.0,oracle_pool
sha256:442b07b7494d35321d7a501b825f874c5cc150498307143ba370646ae1b2f71b,0.0475852132891,oracle_pool
sha256:ea1b455d2bcbf17cd2cc4db6c3bc5185f5b913cb710f4f8166c8631df440f1b9,0.00459871367133,oracle_pool
sha256:4822729b7c3bb5e2b852c3a72ff21b52cb8adc4842a09ae2ca157a599a683f23,0.00253194766569,oracle_pool
sha256:0887c88526011adaed839b1174bbd0aaaa73d2755e0ff6d17471a9df122645b8,0.0,oracle_pool
sha256:83ed1d25efa0c51bcf26927a2db4ad052ab492cc09a6318b717ecc4461181298,0.00517138367568,oracle_pool
sha256:1fa4ba4281f7038110d4960550fae1f603ec99b9cb40078fb9a4c895aa17ac23,0.00534796750851,oracle_pool
sha256:d86758ea4322cd66037088fc963c694053150e9d5e1916a470e1d531e33567e4,0.00558404077714,oracle_pool
sha256:00a3d1ef31032d82caf678d2c541d8a65f716993cb4008bee700e2859592efc3,0.00294186048098,oracle_pool
sha256:63f38fbb7d185992afdcfbb0fe71dc61d1270fb03c65264a8684f8df989d570b,0.00289670358884,oracle_pool
sha256:2f84a9e752955e6fb3f5d6adcbb88956fb875cac607128ed8635f3c8d37202fb,0.00249734245842,oracle_pool
sha256:afc265d6f1e36717d99f141c7e1fd58501d62d0fa678ee71c7799e42b70397cf,0.00584340104673,oracle_pool
sha256:4442222873f0e4d4b3d357bd2bf95babfe139c5c140bb91d53c077849c3f985c,0.00264279420813,oracle_pool
sha256:b22a0530e760419e71bb44d63652196b948aaa67a7deb65befcff275dac87b29,0.0,oracle_pool
sha256:29f89e71b7bd8b80b733fbb6d61bb1a7b591d2dd1caca17e159c634563b70e46,0.00154413146372,oracle_pool
sha256:4ec0839c9727ad1265ee5016255c4e00c1a958f5fffd87d36023e516d63cbb2a,0.0,oracle_pool
sha256:9faf98b3862226e1f3a44bebc711b1bbbdeee7e0a4115bcc647e98fd49d50e6d,0.00412155390693,oracle_pool
sha256:f6d041f517801128ead5d9541689b6c79bc31ef4c92c9f315efb3ea55d634868,0.0,oracle_pool
sha256:044548fc2f470c5b1dbcf9547f11bf98469994343d5d841db7bcb4323261422e,0.0135349794968,oracle_pool
sha256:dc675e75c48e8321823cdbc0222826b63a92178349284771fe176eeb2c825110,0.0043049738452,oracle_pool
sha256:f41aa3f9b717bd702e6460a99c8d9cf6e6216b10f34d0fcbee62ecd6cc787e61,0.0,oracle_pool
sha256:01fd94d08a6307fac2b96cf78ce4543f988d9db2e0f6ddeb317efef5d15cbfba,0.0568730952656,oracle_pool
sha256:aab581c8fb5b13058eb81057773ca634104609f855b1a1427ec3fe70112a9993,0.00583156031513,oracle_pool
sha256:da184342614eaa2160edaca3dc49152d47d450fdfc06346d0e3fcbfe9a7f8b28,0.00170768432904,oracle_pool
sha256:bead85bef5282735d893e78656b3dcee2ecc33f286a82bf044ddd03bf3b2657a,0.00438533335698,oracle_pool
sha256:11d3dae987f1c5de768922c8642f3b3e88ac77d93dcd28ebb31efec55d9055d9,0.0414579834168,oracle_pool
sha256:6f49efe2e9c25fa373905c0b46a31434088bcb80c27f30da525d14b8d58937ad,0.00302520237098,oracle_pool
sha256:0ca2c37aa7fc003f70ff06822bf22ab94c71e26ee74b4178792aa0f16d4893dd,0.0,oracle_pool
sha256:92186f683b05e88674a2cf71a3a1fa0c65ecfa69a54f023fd8ba6cd6417a7db0,0.00226048111184,oracle_pool
sha256:9e7a1807ca342956acb17659d3937bd4a9497a10ccc334c65fa38037369a6ef1,0.00449316942313,oracle_pool
sha256:74ab8ac9a7ae06efc755930b05b44edac550ea606e28f78f03e891653c1e9c90,0.00501371953923,oracle_pool
sha256:2d1a2c67c5d122d4521206f14c669117274b5e68cf0affcd5328ebb97142a9cd,0.138776372056,oracle_pool
sha256:14c21cbb5fa740728b1a02521fb9530e1846478d6bec1b3277034955ed91a197,0.0034548319514,oracle_pool
sha256:b7ada5a32aabb1b3e946d7769447764c60f77475df9b86eba2cee95aaf4dfd52,0.00578234883568,oracle_pool
sha256:38d35a8b8053cc4be145169eb0fa1a2f7eea81cae362b25a85a125f731d98f71,0.00332222224013,oracle_pool
sha256:445eda25a67100c160bd2fe6b86a9ce863eab65b7abe8688f8d771d5bcf21969,0.0,oracle_pool
sha256:1ec4f141b727bb3902f614a2adb7ecb7924da3227c996fd1a488707e6eb36e1a,0.0,oracle_pool
sha256:01435f5b6b039c097ac9f9baf944b8abd9bf01ad95ed4a5574ae2ca8f1bf436b,0.0,oracle_pool
sha256:5acc92bbe689157b8459c271f875351adfdb58054013a4d6f7c81c9ae175b185,0.00114082553511,oracle_pool
sha256:b52630a7e3f3feaee8dd0873d9f23415d5c1db2ad7e014f6bd29ef613ccf6d1e,0.0342604168514,oracle_pool
sha256:b9348b959736f27336e619eece5355bbcea3ddf2a61f3d3aa08f65384c6565ff,0.00710060452879,oracle_pool
sha256:871a2a0369f3bae5348d9cf4295dee61ce2cee35a550a484a21d378d01267268,0.00254961241685,oracle_pool
sha256:77a0457e9079e49344ea8081b38e44d2214e208bcae991668933b77290310192,0.00912864396694,oracle_pool
sha256:0cbdb0177c6c29862e0b250e8b863abd5bde907e3a1bb12ef6e4e76dd6f12270,0.00226515152736,oracle_pool
sha256:ce3e75f07fe28d8f0498ccc019abb859664f910e94516841ad8586062e072884,0.00480847955809,oracle_pool
sha256:8ddd86d480c1d44c826a97efd493ff22b4d8c6d7cf4316e0a7d99e01ee3386bd,0.00307958803159,oracle_pool
sha256:3a9a7d6ad532caf6b331c82459b98df68f9b98e84f0aec65a861c623ecfa714b,0.0,oracle_pool
sha256:74f20077c9fcf7dc946c0e887c621ea81ee23518a4eb0b306857143705dd83bd,0.00177400216706,oracle_pool
sha256:bcfdeef6756baf3516edf28cec19aa0cfa78de4b9a5e4e303bb4d606808f4373,0.00281111112627,oracle_pool
sha256:b832e46d1f0aa6568b342303a754218e743beb9d714c44b4d5aac4804fe92b15,0.0449316942313,oracle_pool
sha256:b6ec150a22ed3fc82ce900c5668704625c9ad32f9792e1e4e550ccecb2ee71fb,0.00171302084257,oracle_pool
sha256:ea36c0fe612b53571de9403206e093d544f23450ed965c58a8aa6e989c16f3dc,0.00353276049166,oracle_pool
sha256:64249be43c8d5940815d1c07a0e39a45a99598576650f14db756c5e8125de17c,0.00134026080592,oracle_pool
sha256:cba796ddbf3a97e8d11052e2d88dd96c205468a85ec85420e89e221214f3e69b,0.00424636152524,oracle_pool
sha256:d38e9c2f96c87a3bdaf09eb201492f7f823eefc57e22ee042ee5381200068010,0.0,oracle_pool
sha256:2dacabfd576beac6af5925f5eda6234b26c23d6dfa42b5fa7a1b40d71ad30c1d,0.0360635966857,oracle_pool
sha256:6b9ad98b73dcb9fcddf1ea0df596fe56a6dfb421eb9fe23075761f25c2269cdd,0.00338374487421,oracle_pool
sha256:56a6d3e709fd8dc28b1c9c0ef33b3c1f261d89c21f8029d55d3d0bd027f57abf,0.0162591808786,oracle_pool
sha256:b4b8ef93098701e52e9cf63ae2126ac173afc585c6b744809424899585425f70,0.0,oracle_pool
sha256:908d590506da10fb81da2960f3a3d4f1bc6e85208595a3504a9d20064c1ce926,0.0,oracle_pool
sha256:f28cfb5a7e59320127c35a627588d9bf9e6d8aef5b9c5813a53df03ce2d42b48,0.0,oracle_pool
sha256:3470eef9ac4818c78dd2c804a80cd368ee1fe03d01ecdd79bf640b36f69cefc8,0.0391547621159,oracle_pool
sha256:e62e0cc5013072a1d034b0c8cc8651e00ccc96d3f25b936eafb6bdc7b6bbaeff,0.00234259260522,oracle_pool
sha256:fea24ab11c6806f9d7a4037f440a8ca47be2e82210dba162bc31ffc2dec1db4d,0.00449316942313,oracle_pool
sha256:c9db9e1dab6b50f1ca1abd12176b72eb5190cea69419eab581a4a5dd56a9a8d9,2.89454517095,oracle_pool
sha256:75f79a0457208c3e8b35b6f84654330ac6a2ddf329c2f0ac5e3f348f6460426d,0.00246921923253,oracle_pool
sha256:65d9abeef72ab7938f260b06e9a322efdc54ae4909b0befa1826889802c9174a,0.00207638890008,oracle_pool
sha256:ad48857e55b1118158cfbcef2d4eab9a25b2047a2deba211a73161bbebeca2c3,0.000676748974842,oracle_pool
sha256:3f47df19349c6cbcf0dd884da6c143aa2d7c31c3635f42deee773491a7029e9f,0.00208349171274,oracle_pool
sha256:8e3472cd50c406087d5a9ddfabd7bad983dc7b3a6c6badef1081632913702535,0.00324358976108,oracle_pool
sha256:46dc125063757f08f8394a80d7b4e1822241baab639e0ae9a4734c98d15ebc64,0.00319941635966,oracle_pool
sha256:e14861d42cfc9dfa95f747687216f5b70964589a6d32808c47aee9de6b422ca3,0.00683310252992,oracle_pool
sha256:360e1cc9b99b4afe726322bcdae6647e2d763301d02410aed2b00a8a0373e74b,0.00511622224981,oracle_pool
sha256:479a57d87cfd9b1b54ae9b40e1cb5ec3a83ef2327c9dc19bd2f15e3bdc98c0f8,0.00279676872256,oracle_pool
sha256:a6fa9a0afe82921f01e45de1eb2777e92d4f6c20ddbe0a65a955c1cfa6d3ce82,0.00480847955809,oracle_pool
sha256:849e7dfa5cb636b6e7d39954c5dcc0deaa9e2ad7449813b6ae6331cf914cd965,0.0259657896137,oracle_pool
sha256:fd8143210321f3fda9f0c9f9dc812ff48dbadc98a7fefbb11addb3a3d9ce31a5,0.0,oracle_pool
sha256:ebcd32a4fb1651fdc6fd8288997ea966fa5ec7d5021e00ed5bda8c3ff435098f,0.00687116995348,oracle_pool
sha256:6b9f7edec3c128334a0d0ace63294a0f0f1ab7689b70080d0023ccf75bb8eb0f,0.00651287132224,oracle_pool
sha256:8d52a4ad26bc852296eb313c5a4f053b856921ad55bd63e395f4dcaead14656e,0.0012638888957,oracle_pool
sha256:0bb37f13f476733ba38f8a89d8903f9a949e90a5201a761ec50a863a033c9cf5,0.00266100325059,oracle_pool
