condition,fold,round_id,run_id,scientist_preferred_39,candidate_pool_residues_39,selected_batch_residues_39,candidate_pool_mutant_residues_39,selected_batch_mutant_residues_39,scientist_preferred_40,candidate_pool_residues_40,selected_batch_residues_40,candidate_pool_mutant_residues_40,selected_batch_mutant_residues_40,scientist_preferred_41,candidate_pool_residues_41,selected_batch_residues_41,candidate_pool_mutant_residues_41,selected_batch_mutant_residues_41,scientist_preferred_54,candidate_pool_residues_54,selected_batch_residues_54,candidate_pool_mutant_residues_54,selected_batch_mutant_residues_54
kg_base,0,1,knowledge_agent-s11-f00-GB1-hierarchical-kg_base-f00-20260820T215844671400Z,"[""I"",""L""]","[""I"",""L"",""V""]","[""I"",""L""]","[""I"",""L""]","[""I"",""L""]","[""Y"",""W"",""F"",""H"",""A""]","[""A"",""D"",""F"",""H"",""L"",""N"",""Q"",""S"",""W"",""Y""]","[""A"",""F"",""H"",""Q"",""W"",""Y""]","[""A"",""F"",""H"",""L"",""N"",""Q"",""S"",""W"",""Y""]","[""A"",""F"",""H"",""Q"",""W"",""Y""]","[""G""]","[""D"",""G"",""I"",""L"",""N"",""R"",""V""]","[""D"",""G"",""N"",""R""]","[""D"",""I"",""L"",""N"",""R"",""V""]","[""D"",""N"",""R""]","[""A"",""C""]","[""A"",""C"",""H"",""K"",""P""]","[""A"",""C"",""H"",""P""]","[""A"",""C"",""H"",""K"",""P""]","[""A"",""C"",""H"",""P""]"
kg_base,0,2,knowledge_agent-s11-f00-GB1-hierarchical-kg_base-f00-20260820T215844671400Z,"[""I"",""L""]","[""C"",""G"",""H"",""I"",""L"",""N"",""T""]","[""H"",""I"",""L"",""N"",""T""]","[""C"",""G"",""H"",""I"",""L"",""N"",""T""]","[""H"",""I"",""L"",""N"",""T""]","[""Y"",""W"",""F"",""H""]","[""D"",""F"",""H"",""L"",""M"",""P"",""Q"",""W"",""Y""]","[""F"",""H"",""L"",""M"",""P"",""W""]","[""F"",""H"",""L"",""M"",""P"",""Q"",""W"",""Y""]","[""F"",""H"",""L"",""M"",""P"",""W""]","[""G""]","[""A"",""E"",""F"",""G"",""H"",""I"",""M"",""Q"",""S"",""Y""]","[""E"",""G"",""H"",""I"",""M"",""Y""]","[""A"",""E"",""F"",""H"",""I"",""M"",""Q"",""S"",""Y""]","[""E"",""H"",""I"",""M"",""Y""]","[""C"",""A""]","[""A"",""C"",""F"",""H"",""M"",""R"",""V""]","[""A"",""C"",""F""]","[""A"",""C"",""F"",""H"",""M"",""R""]","[""A"",""C"",""F""]"
kg_base,0,3,knowledge_agent-s11-f00-GB1-hierarchical-kg_base-f00-20260820T215844671400Z,"[""I"",""L""]","[""F"",""I"",""L"",""M"",""N"",""P"",""S""]","[""F"",""I"",""L"",""M"",""P"",""S""]","[""F"",""I"",""L"",""M"",""N"",""P"",""S""]","[""F"",""I"",""L"",""M"",""P"",""S""]","[""Y"",""W"",""F"",""H""]","[""F"",""H"",""L"",""W"",""Y""]","[""F"",""H"",""W"",""Y""]","[""F"",""H"",""L"",""W"",""Y""]","[""F"",""H"",""W"",""Y""]","[""G""]","[""A"",""C"",""D"",""G"",""H"",""I"",""K"",""L"",""M"",""P"",""S"",""T"",""Y""]","[""A"",""C"",""D"",""G"",""I"",""K"",""P"",""S"",""Y""]","[""A"",""C"",""D"",""H"",""I"",""K"",""L"",""M"",""P"",""S"",""T"",""Y""]","[""A"",""C"",""D"",""I"",""K"",""P"",""S"",""Y""]","[""C"",""A""]","[""A"",""C"",""H"",""L"",""Q"",""R"",""T"",""V""]","[""A"",""C"",""H"",""Q"",""T"",""V""]","[""A"",""C"",""H"",""L"",""Q"",""R"",""T""]","[""A"",""C"",""H"",""Q"",""T""]"
kg_base,1,1,knowledge_agent-s11-f01-GB1-hierarchical-kg_base-f01-20260820T220557763461Z,"[""L"",""I"",""M""]","[""G"",""I"",""L"",""M"",""Q""]","[""G"",""I"",""L"",""M""]","[""G"",""I"",""L"",""M"",""Q""]","[""G"",""I"",""L"",""M""]","[""Y"",""W"",""F"",""H"",""A"",""I"",""V"",""N""]","[""A"",""F"",""G"",""H"",""I"",""N"",""V"",""W"",""Y""]","[""A"",""F"",""G"",""H"",""I"",""N"",""W"",""Y""]","[""A"",""F"",""G"",""H"",""I"",""N"",""V"",""W"",""Y""]","[""A"",""F"",""G"",""H"",""I"",""N"",""W"",""Y""]","[""G""]","[""F"",""G"",""L""]","[""F"",""G""]","[""F"",""L""]","[""F""]","[""A"",""C""]","[""A"",""C"",""M"",""V""]","[""A"",""C"",""V""]","[""A"",""C"",""M""]","[""A"",""C""]"
kg_base,1,2,knowledge_agent-s11-f01-GB1-hierarchical-kg_base-f01-20260820T220557763461Z,"[""I"",""L"",""M"",""V"",""C""]","[""C"",""I"",""L"",""M"",""V""]","[""C"",""I"",""L"",""M"",""V""]","[""C"",""I"",""L"",""M""]","[""C"",""I"",""L"",""M""]","[""Y"",""W"",""F"",""H""]","[""F"",""H"",""N"",""P"",""W"",""Y""]","[""F"",""H"",""N"",""P"",""W"",""Y""]","[""F"",""H"",""N"",""P"",""W"",""Y""]","[""F"",""H"",""N"",""P"",""W"",""Y""]","[""G""]","[""A"",""D"",""G"",""L"",""Y""]","[""A"",""D"",""G"",""L"",""Y""]","[""A"",""D"",""L"",""Y""]","[""A"",""D"",""L"",""Y""]","[""C"",""A"",""V""]","[""A"",""C"",""T"",""V""]","[""A"",""C"",""T"",""V""]","[""A"",""C"",""T""]","[""A"",""C"",""T""]"
kg_base,1,3,knowledge_agent-s11-f01-GB1-hierarchical-kg_base-f01-20260820T220557763461Z,"[""L"",""I"",""M""]","[""H"",""I"",""L"",""M"",""S"",""W""]","[""H"",""I"",""L"",""M""]","[""H"",""I"",""L"",""M"",""S"",""W""]","[""H"",""I"",""L"",""M""]","[""Y"",""W"",""F"",""H""]","[""F"",""H"",""L"",""W"",""Y""]","[""F"",""H"",""W"",""Y""]","[""F"",""H"",""L"",""W"",""Y""]","[""F"",""H"",""W"",""Y""]","[""G""]","[""A"",""D"",""G"",""H"",""K"",""L"",""M"",""N"",""P"",""Q"",""R"",""S"",""T"",""W"",""Y""]","[""D"",""G"",""K"",""N"",""R"",""S"",""T"",""W""]","[""A"",""D"",""H"",""K"",""L"",""M"",""N"",""P"",""Q"",""R"",""S"",""T"",""W"",""Y""]","[""D"",""K"",""N"",""R"",""S"",""T"",""W""]","[""C"",""A""]","[""A"",""C"",""D"",""G"",""L"",""S""]","[""A"",""C"",""G"",""L"",""S""]","[""A"",""C"",""D"",""G"",""L"",""S""]","[""A"",""C"",""G"",""L"",""S""]"
kg_base,2,1,knowledge_agent-s11-f02-GB1-hierarchical-kg_base-f02-20260820T222047896228Z,"[""C"",""L"",""I""]","[""C"",""F"",""I"",""L"",""Q""]","[""C"",""F"",""I"",""L""]","[""C"",""F"",""I"",""L"",""Q""]","[""C"",""F"",""I"",""L""]","[""Y"",""F"",""W""]","[""A"",""C"",""F"",""W"",""Y""]","[""A"",""C"",""F"",""W"",""Y""]","[""A"",""C"",""F"",""W"",""Y""]","[""A"",""C"",""F"",""W"",""Y""]","[""G""]","[""A"",""D"",""F"",""G"",""L"",""V""]","[""F"",""G""]","[""A"",""D"",""F"",""L"",""V""]","[""F""]","[""V"",""A"",""C""]","[""A"",""C"",""E"",""K"",""T"",""V"",""Y""]","[""A"",""C"",""E"",""K"",""V""]","[""A"",""C"",""E"",""K"",""T"",""Y""]","[""A"",""C"",""E"",""K""]"
kg_base,2,2,knowledge_agent-s11-f02-GB1-hierarchical-kg_base-f02-20260820T222047896228Z,"[""L"",""I"",""C""]","[""C"",""F"",""I"",""K"",""L"",""P""]","[""C"",""I"",""K"",""L""]","[""C"",""F"",""I"",""K"",""L"",""P""]","[""C"",""I"",""K"",""L""]","[""Y"",""W"",""F""]","[""F"",""G"",""H"",""Q"",""R"",""S"",""V"",""W"",""Y""]","[""F"",""G"",""H"",""S"",""W"",""Y""]","[""F"",""G"",""H"",""Q"",""R"",""S"",""V"",""W"",""Y""]","[""F"",""G"",""H"",""S"",""W"",""Y""]","[""G""]","[""D"",""F"",""G"",""H"",""I"",""P"",""Q"",""S"",""T"",""W""]","[""D"",""G"",""I"",""P"",""S"",""W""]","[""D"",""F"",""H"",""I"",""P"",""Q"",""S"",""T"",""W""]","[""D"",""I"",""P"",""S"",""W""]","[""V""]","[""I"",""K"",""L"",""P"",""R"",""S"",""T"",""V""]","[""P"",""S"",""T"",""V""]","[""I"",""K"",""L"",""P"",""R"",""S"",""T""]","[""P"",""S"",""T""]"
kg_base,2,3,knowledge_agent-s11-f02-GB1-hierarchical-kg_base-f02-20260820T222047896228Z,"[""L"",""I""]","[""D"",""F"",""H"",""I"",""L"",""Q"",""S"",""W"",""Y""]","[""F"",""H"",""I"",""L"",""Q"",""S""]","[""D"",""F"",""H"",""I"",""L"",""Q"",""S"",""W"",""Y""]","[""F"",""H"",""I"",""L"",""Q"",""S""]","[""F"",""Y""]","[""A"",""E"",""F"",""K"",""Q"",""S"",""V"",""Y""]","[""A"",""F"",""Q"",""S"",""Y""]","[""A"",""E"",""F"",""K"",""Q"",""S"",""V"",""Y""]","[""A"",""F"",""Q"",""S"",""Y""]","[""G""]","[""G"",""H"",""I"",""K"",""L"",""N""]","[""G"",""L"",""N""]","[""H"",""I"",""K"",""L"",""N""]","[""L"",""N""]","[""V""]","[""H"",""I"",""K"",""L"",""M"",""N"",""R"",""S"",""V"",""Y""]","[""H"",""K"",""L"",""M"",""N"",""R"",""S"",""V"",""Y""]","[""H"",""I"",""K"",""L"",""M"",""N"",""R"",""S"",""Y""]","[""H"",""K"",""L"",""M"",""N"",""R"",""S"",""Y""]"
kg_base_al,0,1,knowledge_agent-s11-f00-GB1-hierarchical-kg_base_al-f00-20260820T215844624477Z,"[""L"",""I"",""M"",""C""]","[""C"",""I"",""L"",""M""]","[""C"",""I"",""L"",""M""]","[""C"",""I"",""L"",""M""]","[""C"",""I"",""L"",""M""]","[""W"",""Y"",""F"",""H""]","[""F"",""H"",""W"",""Y""]","[""F"",""H"",""W"",""Y""]","[""F"",""H"",""W"",""Y""]","[""F"",""H"",""W"",""Y""]","[""G""]","[""G""]","[""G""]",[],[],"[""V"",""C"",""A""]","[""A"",""C"",""V""]","[""A"",""C"",""V""]","[""A"",""C""]","[""A"",""C""]"
kg_base_al,0,2,knowledge_agent-s11-f00-GB1-hierarchical-kg_base_al-f00-20260820T215844624477Z,"[""L"",""I"",""C""]","[""A"",""C"",""F"",""G"",""I"",""L"",""N""]","[""C"",""F"",""I"",""L"",""N""]","[""A"",""C"",""F"",""G"",""I"",""L"",""N""]","[""C"",""F"",""I"",""L"",""N""]","[""Y"",""F"",""W"",""H""]","[""F"",""H"",""L"",""W"",""Y""]","[""F"",""H"",""W"",""Y""]","[""F"",""H"",""L"",""W"",""Y""]","[""F"",""H"",""W"",""Y""]","[""G""]","[""G"",""I"",""K"",""N"",""P"",""W""]","[""G"",""I"",""K"",""N""]","[""I"",""K"",""N"",""P"",""W""]","[""I"",""K"",""N""]","[""C"",""A"",""V""]","[""A"",""C"",""P"",""Q"",""V""]","[""A"",""C"",""P"",""Q"",""V""]","[""A"",""C"",""P"",""Q""]","[""A"",""C"",""P"",""Q""]"
kg_base_al,0,3,knowledge_agent-s11-f00-GB1-hierarchical-kg_base_al-f00-20260820T215844624477Z,"[""L"",""I"",""C""]","[""C"",""I"",""L"",""W"",""Y""]","[""C"",""I"",""L"",""W"",""Y""]","[""C"",""I"",""L"",""W"",""Y""]","[""C"",""I"",""L"",""W"",""Y""]","[""Y"",""F"",""W"",""H""]","[""F"",""H"",""M"",""N"",""P"",""S"",""T"",""W"",""Y""]","[""F"",""H"",""M"",""N"",""S"",""T"",""W"",""Y""]","[""F"",""H"",""M"",""N"",""P"",""S"",""T"",""W"",""Y""]","[""F"",""H"",""M"",""N"",""S"",""T"",""W"",""Y""]","[""G""]","[""F"",""G"",""H"",""K"",""L"",""N"",""P"",""Q"",""R"",""S"",""V""]","[""F"",""G"",""L"",""R"",""V""]","[""F"",""H"",""K"",""L"",""N"",""P"",""Q"",""R"",""S"",""V""]","[""F"",""L"",""R"",""V""]","[""C"",""A"",""V""]","[""A"",""C"",""G"",""I"",""L"",""T"",""V"",""W"",""Y""]","[""A"",""C"",""T"",""V"",""W"",""Y""]","[""A"",""C"",""G"",""I"",""L"",""T"",""W"",""Y""]","[""A"",""C"",""T"",""W"",""Y""]"
kg_base_al,1,1,knowledge_agent-s11-f01-GB1-hierarchical-kg_base_al-f01-20260820T221313830308Z,"[""L"",""I"",""M"",""C""]","[""C"",""I"",""L"",""M""]","[""C"",""I"",""L"",""M""]","[""C"",""I"",""L"",""M""]","[""C"",""I"",""L"",""M""]","[""Y"",""W"",""F"",""H"",""A"",""I"",""V""]","[""A"",""F"",""H"",""I"",""V"",""W"",""Y""]","[""A"",""F"",""H"",""I"",""W"",""Y""]","[""A"",""F"",""H"",""I"",""V"",""W"",""Y""]","[""A"",""F"",""H"",""I"",""W"",""Y""]","[""G""]","[""G""]","[""G""]",[],[],"[""V"",""C"",""A""]","[""A"",""C"",""V""]","[""C"",""V""]","[""A"",""C""]","[""C""]"
kg_base_al,1,2,knowledge_agent-s11-f01-GB1-hierarchical-kg_base_al-f01-20260820T221313830308Z,"[""L"",""I"",""C"",""M""]","[""C"",""I"",""K"",""L"",""M"",""Q"",""T""]","[""C"",""I"",""L"",""M"",""Q""]","[""C"",""I"",""K"",""L"",""M"",""Q"",""T""]","[""C"",""I"",""L"",""M"",""Q""]","[""Y"",""F"",""W"",""H""]","[""F"",""H"",""Q"",""W"",""Y""]","[""F"",""H"",""W"",""Y""]","[""F"",""H"",""Q"",""W"",""Y""]","[""F"",""H"",""W"",""Y""]","[""G""]","[""A"",""F"",""G"",""H"",""L"",""M"",""T"",""Y""]","[""A"",""G"",""H"",""L"",""M""]","[""A"",""F"",""H"",""L"",""M"",""T"",""Y""]","[""A"",""H"",""L"",""M""]","[""V"",""C""]","[""C"",""E"",""L"",""V""]","[""C"",""E"",""V""]","[""C"",""E"",""L""]","[""C"",""E""]"
kg_base_al,1,3,knowledge_agent-s11-f01-GB1-hierarchical-kg_base_al-f01-20260820T221313830308Z,"[""L"",""I"",""M"",""C""]","[""C"",""F"",""H"",""I"",""L"",""M""]","[""C"",""F"",""I"",""L"",""M""]","[""C"",""F"",""H"",""I"",""L"",""M""]","[""C"",""F"",""I"",""L"",""M""]","[""Y"",""W"",""F"",""H""]","[""A"",""F"",""H"",""M"",""W"",""Y""]","[""A"",""F"",""H"",""W"",""Y""]","[""A"",""F"",""H"",""M"",""W"",""Y""]","[""A"",""F"",""H"",""W"",""Y""]","[""G""]","[""A"",""D"",""F"",""G"",""H"",""K"",""M"",""P"",""R"",""T""]","[""G"",""R""]","[""A"",""D"",""F"",""H"",""K"",""M"",""P"",""R"",""T""]","[""R""]","[""V"",""C"",""A""]","[""A"",""C"",""K"",""M"",""Q"",""V""]","[""A"",""C"",""K"",""M"",""Q"",""V""]","[""A"",""C"",""K"",""M"",""Q""]","[""A"",""C"",""K"",""M"",""Q""]"
kg_base_al,2,1,knowledge_agent-s11-f02-GB1-hierarchical-kg_base_al-f02-20260820T222618938269Z,"[""L"",""I"",""C""]","[""C"",""I"",""L"",""V""]","[""C"",""I"",""L""]","[""C"",""I"",""L""]","[""C"",""I"",""L""]","[""Y"",""F"",""W"",""H""]","[""F"",""H"",""W"",""Y""]","[""F"",""H"",""W"",""Y""]","[""F"",""H"",""W"",""Y""]","[""F"",""H"",""W"",""Y""]","[""G""]","[""F"",""G""]","[""G""]","[""F""]",[],"[""V"",""A"",""C""]","[""A"",""C"",""V""]","[""A"",""C"",""V""]","[""A"",""C""]","[""A"",""C""]"
kg_base_al,2,2,knowledge_agent-s11-f02-GB1-hierarchical-kg_base_al-f02-20260820T222618938269Z,"[""L"",""I"",""C""]","[""A"",""C"",""I"",""L"",""Q"",""T""]","[""C"",""I"",""L""]","[""A"",""C"",""I"",""L"",""Q"",""T""]","[""C"",""I"",""L""]","[""Y"",""F"",""W"",""H""]","[""F"",""H"",""I"",""V"",""W"",""Y""]","[""F"",""H"",""I"",""V"",""W"",""Y""]","[""F"",""H"",""I"",""V"",""W"",""Y""]","[""F"",""H"",""I"",""V"",""W"",""Y""]","[""G""]","[""F"",""G"",""H"",""P"",""R"",""T"",""V"",""Y""]","[""F"",""G"",""Y""]","[""F"",""H"",""P"",""R"",""T"",""V"",""Y""]","[""F"",""Y""]","[""V"",""C"",""A""]","[""A"",""C"",""H"",""K"",""M"",""V""]","[""A"",""C"",""H"",""K"",""M"",""V""]","[""A"",""C"",""H"",""K"",""M""]","[""A"",""C"",""H"",""K"",""M""]"
kg_base_al,2,3,knowledge_agent-s11-f02-GB1-hierarchical-kg_base_al-f02-20260820T222618938269Z,"[""L"",""I"",""C""]","[""C"",""D"",""I"",""L"",""M"",""P""]","[""C"",""D"",""I"",""L"",""M"",""P""]","[""C"",""D"",""I"",""L"",""M"",""P""]","[""C"",""D"",""I"",""L"",""M"",""P""]","[""Y"",""F"",""W"",""H""]","[""F"",""H"",""L"",""M"",""Q"",""R"",""W"",""Y""]","[""F"",""H"",""W"",""Y""]","[""F"",""H"",""L"",""M"",""Q"",""R"",""W"",""Y""]","[""F"",""H"",""W"",""Y""]","[""G""]","[""D"",""G"",""H"",""N"",""Y""]","[""D"",""G""]","[""D"",""H"",""N"",""Y""]","[""D""]","[""V"",""C"",""A"",""M""]","[""A"",""C"",""I"",""K"",""M"",""P"",""V""]","[""A"",""C"",""I"",""K"",""M"",""P"",""V""]","[""A"",""C"",""I"",""K"",""M"",""P""]","[""A"",""C"",""I"",""K"",""M"",""P""]"
kg_base_rag,0,1,knowledge_agent-s11-f00-GB1-hierarchical-kg_base_rag-f00-20260820T215844674788Z,"[""C"",""L"",""I"",""M""]","[""C"",""G"",""I"",""L"",""M"",""Q""]","[""C"",""G"",""I"",""L"",""M""]","[""C"",""G"",""I"",""L"",""M"",""Q""]","[""C"",""G"",""I"",""L"",""M""]","[""Y"",""W"",""F"",""H""]","[""F"",""G"",""H"",""N"",""P"",""W"",""Y""]","[""F"",""G"",""H"",""N"",""W"",""Y""]","[""F"",""G"",""H"",""N"",""P"",""W"",""Y""]","[""F"",""G"",""H"",""N"",""W"",""Y""]","[""G""]","[""D"",""G"",""L""]","[""G"",""L""]","[""D"",""L""]","[""L""]","[""A"",""C"",""V""]","[""A"",""C"",""M"",""V""]","[""A"",""C"",""V""]","[""A"",""C"",""M""]","[""A"",""C""]"
kg_base_rag,0,2,knowledge_agent-s11-f00-GB1-hierarchical-kg_base_rag-f00-20260820T215844674788Z,"[""L"",""I"",""C"",""V""]","[""C"",""E"",""I"",""K"",""L"",""S"",""V""]","[""C"",""E"",""I"",""K"",""L"",""S"",""V""]","[""C"",""E"",""I"",""K"",""L"",""S""]","[""C"",""E"",""I"",""K"",""L"",""S""]","[""Y"",""W"",""F"",""H""]","[""F"",""H"",""W"",""Y""]","[""F"",""H"",""W"",""Y""]","[""F"",""H"",""W"",""Y""]","[""F"",""H"",""W"",""Y""]","[""G""]","[""G"",""L"",""M"",""P"",""W""]","[""G"",""L"",""M"",""P"",""W""]","[""L"",""M"",""P"",""W""]","[""L"",""M"",""P"",""W""]","[""V"",""C"",""A""]","[""A"",""C"",""K"",""V""]","[""A"",""C"",""K"",""V""]","[""A"",""C"",""K""]","[""A"",""C"",""K""]"
kg_base_rag,0,3,knowledge_agent-s11-f00-GB1-hierarchical-kg_base_rag-f00-20260820T215844674788Z,"[""L"",""I"",""C""]","[""A"",""C"",""I"",""L"",""M"",""P"",""Q"",""S""]","[""C"",""I"",""L"",""M"",""P"",""Q""]","[""A"",""C"",""I"",""L"",""M"",""P"",""Q"",""S""]","[""C"",""I"",""L"",""M"",""P"",""Q""]","[""Y"",""W"",""F"",""H""]","[""F"",""H"",""S"",""W"",""Y""]","[""F"",""S"",""W"",""Y""]","[""F"",""H"",""S"",""W"",""Y""]","[""F"",""S"",""W"",""Y""]","[""G""]","[""A"",""C"",""G"",""I"",""L"",""S"",""T""]","[""A"",""G"",""I"",""L"",""S"",""T""]","[""A"",""C"",""I"",""L"",""S"",""T""]","[""A"",""I"",""L"",""S"",""T""]","[""C"",""A"",""V""]","[""A"",""C"",""K"",""L"",""N"",""R"",""S"",""T"",""V""]","[""A"",""C"",""N"",""S"",""T"",""V""]","[""A"",""C"",""K"",""L"",""N"",""R"",""S"",""T""]","[""A"",""C"",""N"",""S"",""T""]"
kg_base_rag,1,1,knowledge_agent-s11-f01-GB1-hierarchical-kg_base_rag-f01-20260820T221240262683Z,"[""I"",""L""]","[""E"",""G"",""I"",""L"",""Q"",""T""]","[""G"",""I"",""L"",""Q""]","[""E"",""G"",""I"",""L"",""Q"",""T""]","[""G"",""I"",""L"",""Q""]","[""Y"",""F""]","[""F"",""G"",""H"",""S"",""T"",""Y""]","[""F"",""G"",""S"",""Y""]","[""F"",""G"",""H"",""S"",""T"",""Y""]","[""F"",""G"",""S"",""Y""]","[""G""]","[""A"",""C"",""E"",""G"",""H"",""I"",""K"",""L"",""Q"",""S""]","[""A"",""G"",""H"",""I"",""L"",""S""]","[""A"",""C"",""E"",""H"",""I"",""K"",""L"",""Q"",""S""]","[""A"",""H"",""I"",""L"",""S""]","[""A""]","[""A"",""C"",""H"",""I"",""K"",""M"",""P"",""Q"",""T"",""V"",""W""]","[""A"",""H"",""K"",""M"",""Q"",""T"",""V"",""W""]","[""A"",""C"",""H"",""I"",""K"",""M"",""P"",""Q"",""T"",""W""]","[""A"",""H"",""K"",""M"",""Q"",""T"",""W""]"
kg_base_rag,1,2,knowledge_agent-s11-f01-GB1-hierarchical-kg_base_rag-f01-20260820T221240262683Z,"[""L"",""C"",""I""]","[""C"",""D"",""I"",""L"",""W""]","[""C"",""I"",""L"",""W""]","[""C"",""D"",""I"",""L"",""W""]","[""C"",""I"",""L"",""W""]","[""Y"",""F"",""W""]","[""C"",""F"",""M"",""W"",""Y""]","[""F"",""W"",""Y""]","[""C"",""F"",""M"",""W"",""Y""]","[""F"",""W"",""Y""]","[""G"",""A""]","[""A"",""F"",""G"",""K"",""N""]","[""A"",""G""]","[""A"",""F"",""K"",""N""]","[""A""]","[""A"",""V""]","[""A"",""G"",""K"",""V""]","[""A"",""V""]","[""A"",""G"",""K""]","[""A""]"
kg_base_rag,1,3,knowledge_agent-s11-f01-GB1-hierarchical-kg_base_rag-f01-20260820T221240262683Z,"[""L"",""I"",""C""]","[""C"",""E"",""F"",""I"",""L"",""M"",""Q"",""T""]","[""C"",""E"",""I"",""L""]","[""C"",""E"",""F"",""I"",""L"",""M"",""Q"",""T""]","[""C"",""E"",""I"",""L""]","[""Y"",""F"",""W""]","[""F"",""M"",""P"",""Q"",""S"",""W"",""Y""]","[""F"",""M"",""W"",""Y""]","[""F"",""M"",""P"",""Q"",""S"",""W"",""Y""]","[""F"",""M"",""W"",""Y""]","[""G"",""A""]","[""A"",""F"",""G"",""H"",""I"",""M"",""R"",""T""]","[""A"",""F"",""G"",""I"",""M"",""R""]","[""A"",""F"",""H"",""I"",""M"",""R"",""T""]","[""A"",""F"",""I"",""M"",""R""]","[""A"",""V""]","[""A"",""D"",""F"",""H"",""I"",""L"",""M"",""V"",""Y""]","[""A"",""D"",""L"",""V"",""Y""]","[""A"",""D"",""F"",""H"",""I"",""L"",""M"",""Y""]","[""A"",""D"",""L"",""Y""]"
kg_base_rag,2,1,knowledge_agent-s11-f02-GB1-hierarchical-kg_base_rag-f02-20260820T222600583330Z,"[""L"",""I"",""C"",""V""]","[""C"",""I"",""L"",""V""]","[""C"",""I"",""L"",""V""]","[""C"",""I"",""L""]","[""C"",""I"",""L""]","[""Y"",""W"",""F"",""H"",""A""]","[""A"",""C"",""F"",""H"",""N"",""P"",""W"",""Y""]","[""A"",""C"",""H"",""P"",""W"",""Y""]","[""A"",""C"",""F"",""H"",""N"",""P"",""W"",""Y""]","[""A"",""C"",""H"",""P"",""W"",""Y""]","[""G""]","[""A"",""D"",""G"",""W"",""Y""]","[""D"",""G"",""W""]","[""A"",""D"",""W"",""Y""]","[""D"",""W""]","[""A"",""C"",""V""]","[""A"",""C"",""T"",""V""]","[""A"",""C"",""V""]","[""A"",""C"",""T""]","[""A"",""C""]"
kg_base_rag,2,2,knowledge_agent-s11-f02-GB1-hierarchical-kg_base_rag-f02-20260820T222600583330Z,"[""L"",""I"",""C""]","[""C"",""I"",""K"",""L"",""P""]","[""C"",""I"",""K"",""L"",""P""]","[""C"",""I"",""K"",""L"",""P""]","[""C"",""I"",""K"",""L"",""P""]","[""Y"",""W"",""F"",""H"",""A""]","[""A"",""D"",""F"",""H"",""T"",""W"",""Y""]","[""A"",""D"",""F"",""H"",""T"",""W"",""Y""]","[""A"",""F"",""H"",""T"",""W"",""Y""]","[""A"",""F"",""H"",""T"",""W"",""Y""]","[""G""]","[""A"",""G"",""R""]","[""A"",""G"",""R""]","[""A"",""R""]","[""A"",""R""]","[""C"",""A"",""V""]","[""A"",""C"",""V""]","[""A"",""C"",""V""]","[""A"",""C""]","[""A"",""C""]"
kg_base_rag,2,3,knowledge_agent-s11-f02-GB1-hierarchical-kg_base_rag-f02-20260820T222600583330Z,"[""L"",""I""]","[""C"",""E"",""I"",""K"",""L"",""M"",""S"",""T"",""W""]","[""C"",""E"",""I"",""L"",""S""]","[""C"",""E"",""I"",""K"",""L"",""M"",""S"",""T"",""W""]","[""C"",""E"",""I"",""L"",""S""]","[""Y"",""W"",""F"",""H""]","[""C"",""E"",""F"",""H"",""I"",""S"",""V"",""W"",""Y""]","[""C"",""E"",""F"",""H"",""S"",""V"",""W"",""Y""]","[""C"",""E"",""F"",""H"",""I"",""S"",""V"",""W"",""Y""]","[""C"",""E"",""F"",""H"",""S"",""V"",""W"",""Y""]","[""G""]","[""A"",""E"",""F"",""G"",""I"",""L"",""P"",""T"",""Y""]","[""E"",""G"",""L"",""P"",""T""]","[""A"",""E"",""F"",""I"",""L"",""P"",""T"",""Y""]","[""E"",""L"",""P"",""T""]","[""C"",""A"",""V""]","[""A"",""C"",""L"",""P"",""V"",""W""]","[""A"",""C"",""V"",""W""]","[""A"",""C"",""L"",""P"",""W""]","[""A"",""C"",""W""]"
