condition,fold,round_id,run_id,position,wild_type_residue,scientist_preferred_residues_json,candidate_pool_residues_json,selected_batch_residues_json,candidate_pool_mutant_residues_json,selected_batch_mutant_residues_json,preferred_residues_present_in_pool_json,preferred_residues_present_in_selected_json
fitness_direct,0,1,fitness_direct-s42-f00-al96-fitness_direct-20260820T102642880436Z,39,V,[],"[""C"",""D"",""E"",""F"",""G"",""H"",""I"",""K"",""L"",""N"",""P"",""Q"",""S"",""T"",""V"",""W"",""Y""]","[""C"",""F"",""G"",""H"",""I"",""L"",""N"",""T"",""V"",""Y""]","[""C"",""D"",""E"",""F"",""G"",""H"",""I"",""K"",""L"",""N"",""P"",""Q"",""S"",""T"",""W"",""Y""]","[""C"",""F"",""G"",""H"",""I"",""L"",""N"",""T"",""Y""]",[],[]
fitness_direct,0,1,fitness_direct-s42-f00-al96-fitness_direct-20260820T102642880436Z,40,D,[],"[""A"",""C"",""E"",""G"",""I"",""K"",""L"",""M"",""N"",""P"",""Q"",""R"",""T"",""V"",""W"",""Y""]","[""A"",""C"",""G"",""I"",""K"",""N"",""Q"",""R"",""T"",""Y""]","[""A"",""C"",""E"",""G"",""I"",""K"",""L"",""M"",""N"",""P"",""Q"",""R"",""T"",""V"",""W"",""Y""]","[""A"",""C"",""G"",""I"",""K"",""N"",""Q"",""R"",""T"",""Y""]",[],[]
fitness_direct,0,1,fitness_direct-s42-f00-al96-fitness_direct-20260820T102642880436Z,41,G,[],"[""A"",""C"",""F"",""G"",""H"",""I"",""K"",""L"",""M"",""N"",""P"",""Q"",""R"",""S"",""W""]","[""A"",""C"",""F"",""G"",""H"",""K"",""L"",""N"",""Q"",""R"",""W""]","[""A"",""C"",""F"",""H"",""I"",""K"",""L"",""M"",""N"",""P"",""Q"",""R"",""S"",""W""]","[""A"",""C"",""F"",""H"",""K"",""L"",""N"",""Q"",""R"",""W""]",[],[]
fitness_direct,0,1,fitness_direct-s42-f00-al96-fitness_direct-20260820T102642880436Z,54,V,[],"[""A"",""C"",""F"",""G"",""H"",""I"",""K"",""L"",""M"",""N"",""P"",""Q"",""R"",""S"",""T"",""V"",""Y""]","[""A"",""C"",""G"",""H"",""L"",""M"",""N"",""Q"",""R"",""S"",""T"",""Y""]","[""A"",""C"",""F"",""G"",""H"",""I"",""K"",""L"",""M"",""N"",""P"",""Q"",""R"",""S"",""T"",""Y""]","[""A"",""C"",""G"",""H"",""L"",""M"",""N"",""Q"",""R"",""S"",""T"",""Y""]",[],[]
fitness_direct,0,2,fitness_direct-s42-f00-al96-fitness_direct-20260820T102642880436Z,39,V,[],"[""C"",""D"",""E"",""F"",""G"",""H"",""I"",""K"",""L"",""N"",""Q"",""R"",""S"",""T"",""W"",""Y""]","[""C"",""D"",""E"",""F"",""G"",""H"",""I"",""K"",""L"",""R"",""S"",""Y""]","[""C"",""D"",""E"",""F"",""G"",""H"",""I"",""K"",""L"",""N"",""Q"",""R"",""S"",""T"",""W"",""Y""]","[""C"",""D"",""E"",""F"",""G"",""H"",""I"",""K"",""L"",""R"",""S"",""Y""]",[],[]
fitness_direct,0,2,fitness_direct-s42-f00-al96-fitness_direct-20260820T102642880436Z,40,D,[],"[""A"",""C"",""D"",""E"",""F"",""G"",""H"",""I"",""L"",""M"",""P"",""Q"",""R"",""T"",""V"",""W""]","[""A"",""C"",""E"",""F"",""G"",""H"",""I"",""M"",""Q"",""R"",""W""]","[""A"",""C"",""E"",""F"",""G"",""H"",""I"",""L"",""M"",""P"",""Q"",""R"",""T"",""V"",""W""]","[""A"",""C"",""E"",""F"",""G"",""H"",""I"",""M"",""Q"",""R"",""W""]",[],[]
fitness_direct,0,2,fitness_direct-s42-f00-al96-fitness_direct-20260820T102642880436Z,41,G,[],"[""A"",""C"",""D"",""E"",""F"",""H"",""I"",""K"",""L"",""M"",""N"",""P"",""Q"",""R"",""T"",""V"",""Y""]","[""A"",""C"",""D"",""E"",""F"",""I"",""K"",""N"",""Q"",""R"",""T"",""Y""]","[""A"",""C"",""D"",""E"",""F"",""H"",""I"",""K"",""L"",""M"",""N"",""P"",""Q"",""R"",""T"",""V"",""Y""]","[""A"",""C"",""D"",""E"",""F"",""I"",""K"",""N"",""Q"",""R"",""T"",""Y""]",[],[]
fitness_direct,0,2,fitness_direct-s42-f00-al96-fitness_direct-20260820T102642880436Z,54,V,[],"[""A"",""C"",""E"",""F"",""G"",""H"",""I"",""K"",""L"",""M"",""N"",""Q"",""R"",""S"",""V"",""W""]","[""A"",""C"",""E"",""F"",""G"",""I"",""M"",""N"",""Q"",""V"",""W""]","[""A"",""C"",""E"",""F"",""G"",""H"",""I"",""K"",""L"",""M"",""N"",""Q"",""R"",""S"",""W""]","[""A"",""C"",""E"",""F"",""G"",""I"",""M"",""N"",""Q"",""W""]",[],[]
fitness_direct,0,3,fitness_direct-s42-f00-al96-fitness_direct-20260820T102642880436Z,39,V,[],"[""A"",""C"",""F"",""G"",""H"",""K"",""M"",""N"",""P"",""Q"",""R"",""S"",""V"",""W"",""Y""]","[""C"",""F"",""H"",""M"",""P"",""R"",""S"",""V"",""W"",""Y""]","[""A"",""C"",""F"",""G"",""H"",""K"",""M"",""N"",""P"",""Q"",""R"",""S"",""W"",""Y""]","[""C"",""F"",""H"",""M"",""P"",""R"",""S"",""W"",""Y""]",[],[]
fitness_direct,0,3,fitness_direct-s42-f00-al96-fitness_direct-20260820T102642880436Z,40,D,[],"[""C"",""D"",""E"",""F"",""G"",""H"",""I"",""K"",""L"",""M"",""N"",""Q"",""R"",""S"",""V"",""W"",""Y""]","[""C"",""D"",""G"",""H"",""I"",""K"",""N"",""R"",""S"",""W"",""Y""]","[""C"",""E"",""F"",""G"",""H"",""I"",""K"",""L"",""M"",""N"",""Q"",""R"",""S"",""V"",""W"",""Y""]","[""C"",""G"",""H"",""I"",""K"",""N"",""R"",""S"",""W"",""Y""]",[],[]
fitness_direct,0,3,fitness_direct-s42-f00-al96-fitness_direct-20260820T102642880436Z,41,G,[],"[""A"",""C"",""E"",""G"",""I"",""K"",""L"",""M"",""N"",""P"",""Q"",""R"",""S"",""T"",""V"",""W"",""Y""]","[""A"",""C"",""E"",""G"",""K"",""L"",""M"",""N"",""Q"",""R"",""S"",""T"",""W""]","[""A"",""C"",""E"",""I"",""K"",""L"",""M"",""N"",""P"",""Q"",""R"",""S"",""T"",""V"",""W"",""Y""]","[""A"",""C"",""E"",""K"",""L"",""M"",""N"",""Q"",""R"",""S"",""T"",""W""]",[],[]
fitness_direct,0,3,fitness_direct-s42-f00-al96-fitness_direct-20260820T102642880436Z,54,V,[],"[""A"",""C"",""D"",""F"",""G"",""I"",""L"",""M"",""P"",""R"",""S"",""T"",""V"",""W"",""Y""]","[""A"",""C"",""G"",""M"",""P"",""S"",""V"",""W"",""Y""]","[""A"",""C"",""D"",""F"",""G"",""I"",""L"",""M"",""P"",""R"",""S"",""T"",""W"",""Y""]","[""A"",""C"",""G"",""M"",""P"",""S"",""W"",""Y""]",[],[]
fitness_direct,1,1,fitness_direct-s42-f01-al96-fitness_direct-20260820T103518212856Z,39,V,[],"[""A"",""C"",""D"",""E"",""F"",""G"",""H"",""I"",""K"",""L"",""M"",""N"",""P"",""Q"",""W"",""Y""]","[""C"",""F"",""H"",""I"",""L"",""M"",""N"",""P"",""Q""]","[""A"",""C"",""D"",""E"",""F"",""G"",""H"",""I"",""K"",""L"",""M"",""N"",""P"",""Q"",""W"",""Y""]","[""C"",""F"",""H"",""I"",""L"",""M"",""N"",""P"",""Q""]",[],[]
fitness_direct,1,1,fitness_direct-s42-f01-al96-fitness_direct-20260820T103518212856Z,40,D,[],"[""A"",""C"",""D"",""E"",""G"",""H"",""I"",""K"",""L"",""M"",""P"",""Q"",""R"",""S"",""T"",""V"",""W""]","[""A"",""C"",""D"",""G"",""H"",""I"",""K"",""M"",""P"",""Q"",""R"",""V"",""W""]","[""A"",""C"",""E"",""G"",""H"",""I"",""K"",""L"",""M"",""P"",""Q"",""R"",""S"",""T"",""V"",""W""]","[""A"",""C"",""G"",""H"",""I"",""K"",""M"",""P"",""Q"",""R"",""V"",""W""]",[],[]
fitness_direct,1,1,fitness_direct-s42-f01-al96-fitness_direct-20260820T103518212856Z,41,G,[],"[""A"",""D"",""E"",""H"",""I"",""K"",""L"",""M"",""N"",""P"",""Q"",""R"",""S"",""T"",""V"",""W"",""Y""]","[""A"",""D"",""I"",""K"",""L"",""M"",""N"",""Q"",""R"",""V"",""W""]","[""A"",""D"",""E"",""H"",""I"",""K"",""L"",""M"",""N"",""P"",""Q"",""R"",""S"",""T"",""V"",""W"",""Y""]","[""A"",""D"",""I"",""K"",""L"",""M"",""N"",""Q"",""R"",""V"",""W""]",[],[]
fitness_direct,1,1,fitness_direct-s42-f01-al96-fitness_direct-20260820T103518212856Z,54,V,[],"[""A"",""F"",""G"",""H"",""I"",""K"",""M"",""N"",""R"",""S"",""T"",""V"",""Y""]","[""A"",""G"",""H"",""I"",""M"",""N"",""R"",""S"",""T"",""V"",""Y""]","[""A"",""F"",""G"",""H"",""I"",""K"",""M"",""N"",""R"",""S"",""T"",""Y""]","[""A"",""G"",""H"",""I"",""M"",""N"",""R"",""S"",""T"",""Y""]",[],[]
fitness_direct,1,2,fitness_direct-s42-f01-al96-fitness_direct-20260820T103518212856Z,39,V,[],"[""A"",""D"",""E"",""F"",""G"",""I"",""K"",""L"",""Q"",""R"",""T"",""W"",""Y""]","[""E"",""I"",""L"",""Q"",""R"",""W""]","[""A"",""D"",""E"",""F"",""G"",""I"",""K"",""L"",""Q"",""R"",""T"",""W"",""Y""]","[""E"",""I"",""L"",""Q"",""R"",""W""]",[],[]
fitness_direct,1,2,fitness_direct-s42-f01-al96-fitness_direct-20260820T103518212856Z,40,D,[],"[""C"",""D"",""E"",""H"",""K"",""L"",""M"",""N"",""P"",""Q"",""R"",""S"",""T"",""W"",""Y""]","[""D"",""E"",""H"",""L"",""M"",""N"",""Q"",""R"",""S"",""W"",""Y""]","[""C"",""E"",""H"",""K"",""L"",""M"",""N"",""P"",""Q"",""R"",""S"",""T"",""W"",""Y""]","[""E"",""H"",""L"",""M"",""N"",""Q"",""R"",""S"",""W"",""Y""]",[],[]
fitness_direct,1,2,fitness_direct-s42-f01-al96-fitness_direct-20260820T103518212856Z,41,G,[],"[""A"",""D"",""E"",""F"",""G"",""H"",""K"",""L"",""N"",""R"",""T"",""V"",""W"",""Y""]","[""A"",""D"",""G"",""H"",""K"",""N"",""T"",""W"",""Y""]","[""A"",""D"",""E"",""F"",""H"",""K"",""L"",""N"",""R"",""T"",""V"",""W"",""Y""]","[""A"",""D"",""H"",""K"",""N"",""T"",""W"",""Y""]",[],[]
fitness_direct,1,2,fitness_direct-s42-f01-al96-fitness_direct-20260820T103518212856Z,54,V,[],"[""A"",""C"",""D"",""F"",""H"",""I"",""K"",""L"",""M"",""Q"",""R"",""S"",""T"",""V"",""W"",""Y""]","[""A"",""C"",""D"",""F"",""H"",""I"",""S"",""T"",""V"",""W"",""Y""]","[""A"",""C"",""D"",""F"",""H"",""I"",""K"",""L"",""M"",""Q"",""R"",""S"",""T"",""W"",""Y""]","[""A"",""C"",""D"",""F"",""H"",""I"",""S"",""T"",""W"",""Y""]",[],[]
fitness_direct,1,3,fitness_direct-s42-f01-al96-fitness_direct-20260820T103518212856Z,39,V,[],"[""A"",""C"",""D"",""E"",""F"",""G"",""I"",""K"",""L"",""M"",""N"",""P"",""Q"",""S"",""T"",""V"",""W"",""Y""]","[""A"",""C"",""D"",""F"",""I"",""L"",""M"",""N"",""P"",""T"",""V"",""Y""]","[""A"",""C"",""D"",""E"",""F"",""G"",""I"",""K"",""L"",""M"",""N"",""P"",""Q"",""S"",""T"",""W"",""Y""]","[""A"",""C"",""D"",""F"",""I"",""L"",""M"",""N"",""P"",""T"",""Y""]",[],[]
fitness_direct,1,3,fitness_direct-s42-f01-al96-fitness_direct-20260820T103518212856Z,40,D,[],"[""A"",""C"",""D"",""E"",""G"",""I"",""L"",""M"",""N"",""Q"",""R"",""T"",""V"",""W"",""Y""]","[""C"",""D"",""E"",""I"",""L"",""M"",""N"",""T"",""V"",""W""]","[""A"",""C"",""E"",""G"",""I"",""L"",""M"",""N"",""Q"",""R"",""T"",""V"",""W"",""Y""]","[""C"",""E"",""I"",""L"",""M"",""N"",""T"",""V"",""W""]",[],[]
fitness_direct,1,3,fitness_direct-s42-f01-al96-fitness_direct-20260820T103518212856Z,41,G,[],"[""A"",""C"",""E"",""G"",""H"",""I"",""K"",""L"",""M"",""N"",""P"",""R"",""S"",""T"",""V"",""W"",""Y""]","[""C"",""G"",""H"",""I"",""K"",""M"",""N"",""S"",""T"",""W"",""Y""]","[""A"",""C"",""E"",""H"",""I"",""K"",""L"",""M"",""N"",""P"",""R"",""S"",""T"",""V"",""W"",""Y""]","[""C"",""H"",""I"",""K"",""M"",""N"",""S"",""T"",""W"",""Y""]",[],[]
fitness_direct,1,3,fitness_direct-s42-f01-al96-fitness_direct-20260820T103518212856Z,54,V,[],"[""A"",""C"",""E"",""G"",""H"",""I"",""L"",""M"",""N"",""P"",""Q"",""R"",""S"",""V"",""Y""]","[""A"",""C"",""E"",""G"",""H"",""L"",""M"",""N"",""R"",""V"",""Y""]","[""A"",""C"",""E"",""G"",""H"",""I"",""L"",""M"",""N"",""P"",""Q"",""R"",""S"",""Y""]","[""A"",""C"",""E"",""G"",""H"",""L"",""M"",""N"",""R"",""Y""]",[],[]
fitness_direct,2,1,fitness_direct-s42-f02-al96-fitness_direct-20260820T103739865434Z,39,V,[],"[""D"",""E"",""I"",""K"",""L"",""M"",""N"",""P"",""Q"",""R"",""S"",""T"",""V"",""W"",""Y""]","[""D"",""I"",""L"",""M"",""Q"",""R"",""T"",""V""]","[""D"",""E"",""I"",""K"",""L"",""M"",""N"",""P"",""Q"",""R"",""S"",""T"",""W"",""Y""]","[""D"",""I"",""L"",""M"",""Q"",""R"",""T""]",[],[]
fitness_direct,2,1,fitness_direct-s42-f02-al96-fitness_direct-20260820T103739865434Z,40,D,[],"[""A"",""D"",""E"",""F"",""G"",""H"",""I"",""K"",""L"",""M"",""N"",""Q"",""R"",""S"",""T"",""V"",""W"",""Y""]","[""A"",""D"",""F"",""H"",""K"",""M"",""N"",""Q"",""S"",""T"",""W"",""Y""]","[""A"",""E"",""F"",""G"",""H"",""I"",""K"",""L"",""M"",""N"",""Q"",""R"",""S"",""T"",""V"",""W"",""Y""]","[""A"",""F"",""H"",""K"",""M"",""N"",""Q"",""S"",""T"",""W"",""Y""]",[],[]
fitness_direct,2,1,fitness_direct-s42-f02-al96-fitness_direct-20260820T103739865434Z,41,G,[],"[""A"",""C"",""D"",""E"",""F"",""G"",""K"",""L"",""M"",""P"",""R"",""T"",""Y""]","[""A"",""C"",""D"",""E"",""F"",""G"",""K"",""L"",""M"",""P"",""Y""]","[""A"",""C"",""D"",""E"",""F"",""K"",""L"",""M"",""P"",""R"",""T"",""Y""]","[""A"",""C"",""D"",""E"",""F"",""K"",""L"",""M"",""P"",""Y""]",[],[]
fitness_direct,2,1,fitness_direct-s42-f02-al96-fitness_direct-20260820T103739865434Z,54,V,[],"[""A"",""E"",""F"",""G"",""H"",""I"",""K"",""L"",""M"",""N"",""P"",""Q"",""R"",""S"",""T"",""V"",""W""]","[""A"",""E"",""F"",""K"",""L"",""M"",""P"",""Q"",""S"",""T"",""V""]","[""A"",""E"",""F"",""G"",""H"",""I"",""K"",""L"",""M"",""N"",""P"",""Q"",""R"",""S"",""T"",""W""]","[""A"",""E"",""F"",""K"",""L"",""M"",""P"",""Q"",""S"",""T""]",[],[]
fitness_direct,2,2,fitness_direct-s42-f02-al96-fitness_direct-20260820T103739865434Z,39,V,[],"[""A"",""C"",""D"",""E"",""F"",""G"",""H"",""I"",""K"",""L"",""N"",""P"",""Q"",""R"",""S"",""T"",""W"",""Y""]","[""A"",""C"",""D"",""F"",""G"",""I"",""K"",""L"",""N"",""P"",""Q"",""R"",""T""]","[""A"",""C"",""D"",""E"",""F"",""G"",""H"",""I"",""K"",""L"",""N"",""P"",""Q"",""R"",""S"",""T"",""W"",""Y""]","[""A"",""C"",""D"",""F"",""G"",""I"",""K"",""L"",""N"",""P"",""Q"",""R"",""T""]",[],[]
fitness_direct,2,2,fitness_direct-s42-f02-al96-fitness_direct-20260820T103739865434Z,40,D,[],"[""A"",""C"",""D"",""E"",""F"",""G"",""I"",""K"",""L"",""M"",""N"",""Q"",""R"",""S"",""T"",""W"",""Y""]","[""A"",""C"",""D"",""F"",""I"",""N"",""Q"",""R"",""S"",""Y""]","[""A"",""C"",""E"",""F"",""G"",""I"",""K"",""L"",""M"",""N"",""Q"",""R"",""S"",""T"",""W"",""Y""]","[""A"",""C"",""F"",""I"",""N"",""Q"",""R"",""S"",""Y""]",[],[]
fitness_direct,2,2,fitness_direct-s42-f02-al96-fitness_direct-20260820T103739865434Z,41,G,[],"[""A"",""C"",""D"",""E"",""F"",""G"",""H"",""I"",""K"",""L"",""M"",""N"",""Q"",""R"",""S"",""T"",""V"",""W"",""Y""]","[""A"",""E"",""F"",""G"",""K"",""M"",""N"",""Q"",""R"",""T"",""W"",""Y""]","[""A"",""C"",""D"",""E"",""F"",""H"",""I"",""K"",""L"",""M"",""N"",""Q"",""R"",""S"",""T"",""V"",""W"",""Y""]","[""A"",""E"",""F"",""K"",""M"",""N"",""Q"",""R"",""T"",""W"",""Y""]",[],[]
fitness_direct,2,2,fitness_direct-s42-f02-al96-fitness_direct-20260820T103739865434Z,54,V,[],"[""C"",""E"",""F"",""G"",""I"",""L"",""M"",""N"",""P"",""R"",""S"",""T"",""V"",""W"",""Y""]","[""C"",""E"",""G"",""I"",""L"",""M"",""N"",""S"",""T"",""W"",""Y""]","[""C"",""E"",""F"",""G"",""I"",""L"",""M"",""N"",""P"",""R"",""S"",""T"",""W"",""Y""]","[""C"",""E"",""G"",""I"",""L"",""M"",""N"",""S"",""T"",""W"",""Y""]",[],[]
fitness_direct,2,3,fitness_direct-s42-f02-al96-fitness_direct-20260820T103739865434Z,39,V,[],"[""A"",""C"",""E"",""F"",""G"",""H"",""I"",""L"",""M"",""Q"",""R"",""S"",""T"",""V"",""W"",""Y""]","[""I"",""L"",""M"",""Q"",""R"",""S"",""T"",""V"",""W""]","[""A"",""C"",""E"",""F"",""G"",""H"",""I"",""L"",""M"",""Q"",""R"",""S"",""T"",""W"",""Y""]","[""I"",""L"",""M"",""Q"",""R"",""S"",""T"",""W""]",[],[]
fitness_direct,2,3,fitness_direct-s42-f02-al96-fitness_direct-20260820T103739865434Z,40,D,[],"[""C"",""D"",""E"",""F"",""H"",""I"",""K"",""L"",""M"",""N"",""Q"",""R"",""S"",""T"",""V"",""W"",""Y""]","[""C"",""E"",""F"",""H"",""I"",""K"",""L"",""N"",""S"",""T"",""W""]","[""C"",""E"",""F"",""H"",""I"",""K"",""L"",""M"",""N"",""Q"",""R"",""S"",""T"",""V"",""W"",""Y""]","[""C"",""E"",""F"",""H"",""I"",""K"",""L"",""N"",""S"",""T"",""W""]",[],[]
fitness_direct,2,3,fitness_direct-s42-f02-al96-fitness_direct-20260820T103739865434Z,41,G,[],"[""C"",""D"",""E"",""F"",""G"",""H"",""I"",""L"",""M"",""N"",""P"",""Q"",""R"",""S"",""T"",""V"",""Y""]","[""F"",""G"",""H"",""I"",""L"",""M"",""N"",""R"",""T"",""Y""]","[""C"",""D"",""E"",""F"",""H"",""I"",""L"",""M"",""N"",""P"",""Q"",""R"",""S"",""T"",""V"",""Y""]","[""F"",""H"",""I"",""L"",""M"",""N"",""R"",""T"",""Y""]",[],[]
fitness_direct,2,3,fitness_direct-s42-f02-al96-fitness_direct-20260820T103739865434Z,54,V,[],"[""A"",""E"",""F"",""G"",""H"",""I"",""K"",""L"",""N"",""P"",""R"",""S"",""T"",""V"",""W"",""Y""]","[""A"",""E"",""F"",""H"",""K"",""L"",""S"",""T"",""V"",""W"",""Y""]","[""A"",""E"",""F"",""G"",""H"",""I"",""K"",""L"",""N"",""P"",""R"",""S"",""T"",""W"",""Y""]","[""A"",""E"",""F"",""H"",""K"",""L"",""S"",""T"",""W"",""Y""]",[],[]
kg_base,0,1,knowledge_agent-s11-f00-GB1-hierarchical-kg_base-f00-20260820T215844671400Z,39,V,"[""I"",""L""]","[""I"",""L"",""V""]","[""I"",""L""]","[""I"",""L""]","[""I"",""L""]","[""I"",""L""]","[""I"",""L""]"
kg_base,0,1,knowledge_agent-s11-f00-GB1-hierarchical-kg_base-f00-20260820T215844671400Z,40,D,"[""Y"",""W"",""F"",""H"",""A""]","[""A"",""D"",""F"",""H"",""L"",""N"",""Q"",""S"",""W"",""Y""]","[""A"",""F"",""H"",""Q"",""W"",""Y""]","[""A"",""F"",""H"",""L"",""N"",""Q"",""S"",""W"",""Y""]","[""A"",""F"",""H"",""Q"",""W"",""Y""]","[""A"",""F"",""H"",""W"",""Y""]","[""A"",""F"",""H"",""W"",""Y""]"
kg_base,0,1,knowledge_agent-s11-f00-GB1-hierarchical-kg_base-f00-20260820T215844671400Z,41,G,"[""G""]","[""D"",""G"",""I"",""L"",""N"",""R"",""V""]","[""D"",""G"",""N"",""R""]","[""D"",""I"",""L"",""N"",""R"",""V""]","[""D"",""N"",""R""]","[""G""]","[""G""]"
kg_base,0,1,knowledge_agent-s11-f00-GB1-hierarchical-kg_base-f00-20260820T215844671400Z,54,V,"[""A"",""C""]","[""A"",""C"",""H"",""K"",""P""]","[""A"",""C"",""H"",""P""]","[""A"",""C"",""H"",""K"",""P""]","[""A"",""C"",""H"",""P""]","[""A"",""C""]","[""A"",""C""]"
kg_base,0,2,knowledge_agent-s11-f00-GB1-hierarchical-kg_base-f00-20260820T215844671400Z,39,V,"[""I"",""L""]","[""C"",""G"",""H"",""I"",""L"",""N"",""T""]","[""H"",""I"",""L"",""N"",""T""]","[""C"",""G"",""H"",""I"",""L"",""N"",""T""]","[""H"",""I"",""L"",""N"",""T""]","[""I"",""L""]","[""I"",""L""]"
kg_base,0,2,knowledge_agent-s11-f00-GB1-hierarchical-kg_base-f00-20260820T215844671400Z,40,D,"[""Y"",""W"",""F"",""H""]","[""D"",""F"",""H"",""L"",""M"",""P"",""Q"",""W"",""Y""]","[""F"",""H"",""L"",""M"",""P"",""W""]","[""F"",""H"",""L"",""M"",""P"",""Q"",""W"",""Y""]","[""F"",""H"",""L"",""M"",""P"",""W""]","[""F"",""H"",""W"",""Y""]","[""F"",""H"",""W""]"
kg_base,0,2,knowledge_agent-s11-f00-GB1-hierarchical-kg_base-f00-20260820T215844671400Z,41,G,"[""G""]","[""A"",""E"",""F"",""G"",""H"",""I"",""M"",""Q"",""S"",""Y""]","[""E"",""G"",""H"",""I"",""M"",""Y""]","[""A"",""E"",""F"",""H"",""I"",""M"",""Q"",""S"",""Y""]","[""E"",""H"",""I"",""M"",""Y""]","[""G""]","[""G""]"
kg_base,0,2,knowledge_agent-s11-f00-GB1-hierarchical-kg_base-f00-20260820T215844671400Z,54,V,"[""C"",""A""]","[""A"",""C"",""F"",""H"",""M"",""R"",""V""]","[""A"",""C"",""F""]","[""A"",""C"",""F"",""H"",""M"",""R""]","[""A"",""C"",""F""]","[""A"",""C""]","[""A"",""C""]"
kg_base,0,3,knowledge_agent-s11-f00-GB1-hierarchical-kg_base-f00-20260820T215844671400Z,39,V,"[""I"",""L""]","[""F"",""I"",""L"",""M"",""N"",""P"",""S""]","[""F"",""I"",""L"",""M"",""P"",""S""]","[""F"",""I"",""L"",""M"",""N"",""P"",""S""]","[""F"",""I"",""L"",""M"",""P"",""S""]","[""I"",""L""]","[""I"",""L""]"
kg_base,0,3,knowledge_agent-s11-f00-GB1-hierarchical-kg_base-f00-20260820T215844671400Z,40,D,"[""Y"",""W"",""F"",""H""]","[""F"",""H"",""L"",""W"",""Y""]","[""F"",""H"",""W"",""Y""]","[""F"",""H"",""L"",""W"",""Y""]","[""F"",""H"",""W"",""Y""]","[""F"",""H"",""W"",""Y""]","[""F"",""H"",""W"",""Y""]"
kg_base,0,3,knowledge_agent-s11-f00-GB1-hierarchical-kg_base-f00-20260820T215844671400Z,41,G,"[""G""]","[""A"",""C"",""D"",""G"",""H"",""I"",""K"",""L"",""M"",""P"",""S"",""T"",""Y""]","[""A"",""C"",""D"",""G"",""I"",""K"",""P"",""S"",""Y""]","[""A"",""C"",""D"",""H"",""I"",""K"",""L"",""M"",""P"",""S"",""T"",""Y""]","[""A"",""C"",""D"",""I"",""K"",""P"",""S"",""Y""]","[""G""]","[""G""]"
kg_base,0,3,knowledge_agent-s11-f00-GB1-hierarchical-kg_base-f00-20260820T215844671400Z,54,V,"[""C"",""A""]","[""A"",""C"",""H"",""L"",""Q"",""R"",""T"",""V""]","[""A"",""C"",""H"",""Q"",""T"",""V""]","[""A"",""C"",""H"",""L"",""Q"",""R"",""T""]","[""A"",""C"",""H"",""Q"",""T""]","[""A"",""C""]","[""A"",""C""]"
kg_base,1,1,knowledge_agent-s11-f01-GB1-hierarchical-kg_base-f01-20260820T220557763461Z,39,V,"[""L"",""I"",""M""]","[""G"",""I"",""L"",""M"",""Q""]","[""G"",""I"",""L"",""M""]","[""G"",""I"",""L"",""M"",""Q""]","[""G"",""I"",""L"",""M""]","[""I"",""L"",""M""]","[""I"",""L"",""M""]"
kg_base,1,1,knowledge_agent-s11-f01-GB1-hierarchical-kg_base-f01-20260820T220557763461Z,40,D,"[""Y"",""W"",""F"",""H"",""A"",""I"",""V"",""N""]","[""A"",""F"",""G"",""H"",""I"",""N"",""V"",""W"",""Y""]","[""A"",""F"",""G"",""H"",""I"",""N"",""W"",""Y""]","[""A"",""F"",""G"",""H"",""I"",""N"",""V"",""W"",""Y""]","[""A"",""F"",""G"",""H"",""I"",""N"",""W"",""Y""]","[""A"",""F"",""H"",""I"",""N"",""V"",""W"",""Y""]","[""A"",""F"",""H"",""I"",""N"",""W"",""Y""]"
kg_base,1,1,knowledge_agent-s11-f01-GB1-hierarchical-kg_base-f01-20260820T220557763461Z,41,G,"[""G""]","[""F"",""G"",""L""]","[""F"",""G""]","[""F"",""L""]","[""F""]","[""G""]","[""G""]"
kg_base,1,1,knowledge_agent-s11-f01-GB1-hierarchical-kg_base-f01-20260820T220557763461Z,54,V,"[""A"",""C""]","[""A"",""C"",""M"",""V""]","[""A"",""C"",""V""]","[""A"",""C"",""M""]","[""A"",""C""]","[""A"",""C""]","[""A"",""C""]"
kg_base,1,2,knowledge_agent-s11-f01-GB1-hierarchical-kg_base-f01-20260820T220557763461Z,39,V,"[""I"",""L"",""M"",""V"",""C""]","[""C"",""I"",""L"",""M"",""V""]","[""C"",""I"",""L"",""M"",""V""]","[""C"",""I"",""L"",""M""]","[""C"",""I"",""L"",""M""]","[""C"",""I"",""L"",""M"",""V""]","[""C"",""I"",""L"",""M"",""V""]"
kg_base,1,2,knowledge_agent-s11-f01-GB1-hierarchical-kg_base-f01-20260820T220557763461Z,40,D,"[""Y"",""W"",""F"",""H""]","[""F"",""H"",""N"",""P"",""W"",""Y""]","[""F"",""H"",""N"",""P"",""W"",""Y""]","[""F"",""H"",""N"",""P"",""W"",""Y""]","[""F"",""H"",""N"",""P"",""W"",""Y""]","[""F"",""H"",""W"",""Y""]","[""F"",""H"",""W"",""Y""]"
kg_base,1,2,knowledge_agent-s11-f01-GB1-hierarchical-kg_base-f01-20260820T220557763461Z,41,G,"[""G""]","[""A"",""D"",""G"",""L"",""Y""]","[""A"",""D"",""G"",""L"",""Y""]","[""A"",""D"",""L"",""Y""]","[""A"",""D"",""L"",""Y""]","[""G""]","[""G""]"
kg_base,1,2,knowledge_agent-s11-f01-GB1-hierarchical-kg_base-f01-20260820T220557763461Z,54,V,"[""C"",""A"",""V""]","[""A"",""C"",""T"",""V""]","[""A"",""C"",""T"",""V""]","[""A"",""C"",""T""]","[""A"",""C"",""T""]","[""A"",""C"",""V""]","[""A"",""C"",""V""]"
kg_base,1,3,knowledge_agent-s11-f01-GB1-hierarchical-kg_base-f01-20260820T220557763461Z,39,V,"[""L"",""I"",""M""]","[""H"",""I"",""L"",""M"",""S"",""W""]","[""H"",""I"",""L"",""M""]","[""H"",""I"",""L"",""M"",""S"",""W""]","[""H"",""I"",""L"",""M""]","[""I"",""L"",""M""]","[""I"",""L"",""M""]"
kg_base,1,3,knowledge_agent-s11-f01-GB1-hierarchical-kg_base-f01-20260820T220557763461Z,40,D,"[""Y"",""W"",""F"",""H""]","[""F"",""H"",""L"",""W"",""Y""]","[""F"",""H"",""W"",""Y""]","[""F"",""H"",""L"",""W"",""Y""]","[""F"",""H"",""W"",""Y""]","[""F"",""H"",""W"",""Y""]","[""F"",""H"",""W"",""Y""]"
kg_base,1,3,knowledge_agent-s11-f01-GB1-hierarchical-kg_base-f01-20260820T220557763461Z,41,G,"[""G""]","[""A"",""D"",""G"",""H"",""K"",""L"",""M"",""N"",""P"",""Q"",""R"",""S"",""T"",""W"",""Y""]","[""D"",""G"",""K"",""N"",""R"",""S"",""T"",""W""]","[""A"",""D"",""H"",""K"",""L"",""M"",""N"",""P"",""Q"",""R"",""S"",""T"",""W"",""Y""]","[""D"",""K"",""N"",""R"",""S"",""T"",""W""]","[""G""]","[""G""]"
kg_base,1,3,knowledge_agent-s11-f01-GB1-hierarchical-kg_base-f01-20260820T220557763461Z,54,V,"[""C"",""A""]","[""A"",""C"",""D"",""G"",""L"",""S""]","[""A"",""C"",""G"",""L"",""S""]","[""A"",""C"",""D"",""G"",""L"",""S""]","[""A"",""C"",""G"",""L"",""S""]","[""A"",""C""]","[""A"",""C""]"
kg_base,2,1,knowledge_agent-s11-f02-GB1-hierarchical-kg_base-f02-20260820T222047896228Z,39,V,"[""C"",""L"",""I""]","[""C"",""F"",""I"",""L"",""Q""]","[""C"",""F"",""I"",""L""]","[""C"",""F"",""I"",""L"",""Q""]","[""C"",""F"",""I"",""L""]","[""C"",""I"",""L""]","[""C"",""I"",""L""]"
kg_base,2,1,knowledge_agent-s11-f02-GB1-hierarchical-kg_base-f02-20260820T222047896228Z,40,D,"[""Y"",""F"",""W""]","[""A"",""C"",""F"",""W"",""Y""]","[""A"",""C"",""F"",""W"",""Y""]","[""A"",""C"",""F"",""W"",""Y""]","[""A"",""C"",""F"",""W"",""Y""]","[""F"",""W"",""Y""]","[""F"",""W"",""Y""]"
kg_base,2,1,knowledge_agent-s11-f02-GB1-hierarchical-kg_base-f02-20260820T222047896228Z,41,G,"[""G""]","[""A"",""D"",""F"",""G"",""L"",""V""]","[""F"",""G""]","[""A"",""D"",""F"",""L"",""V""]","[""F""]","[""G""]","[""G""]"
kg_base,2,1,knowledge_agent-s11-f02-GB1-hierarchical-kg_base-f02-20260820T222047896228Z,54,V,"[""V"",""A"",""C""]","[""A"",""C"",""E"",""K"",""T"",""V"",""Y""]","[""A"",""C"",""E"",""K"",""V""]","[""A"",""C"",""E"",""K"",""T"",""Y""]","[""A"",""C"",""E"",""K""]","[""A"",""C"",""V""]","[""A"",""C"",""V""]"
kg_base,2,2,knowledge_agent-s11-f02-GB1-hierarchical-kg_base-f02-20260820T222047896228Z,39,V,"[""L"",""I"",""C""]","[""C"",""F"",""I"",""K"",""L"",""P""]","[""C"",""I"",""K"",""L""]","[""C"",""F"",""I"",""K"",""L"",""P""]","[""C"",""I"",""K"",""L""]","[""C"",""I"",""L""]","[""C"",""I"",""L""]"
kg_base,2,2,knowledge_agent-s11-f02-GB1-hierarchical-kg_base-f02-20260820T222047896228Z,40,D,"[""Y"",""W"",""F""]","[""F"",""G"",""H"",""Q"",""R"",""S"",""V"",""W"",""Y""]","[""F"",""G"",""H"",""S"",""W"",""Y""]","[""F"",""G"",""H"",""Q"",""R"",""S"",""V"",""W"",""Y""]","[""F"",""G"",""H"",""S"",""W"",""Y""]","[""F"",""W"",""Y""]","[""F"",""W"",""Y""]"
kg_base,2,2,knowledge_agent-s11-f02-GB1-hierarchical-kg_base-f02-20260820T222047896228Z,41,G,"[""G""]","[""D"",""F"",""G"",""H"",""I"",""P"",""Q"",""S"",""T"",""W""]","[""D"",""G"",""I"",""P"",""S"",""W""]","[""D"",""F"",""H"",""I"",""P"",""Q"",""S"",""T"",""W""]","[""D"",""I"",""P"",""S"",""W""]","[""G""]","[""G""]"
kg_base,2,2,knowledge_agent-s11-f02-GB1-hierarchical-kg_base-f02-20260820T222047896228Z,54,V,"[""V""]","[""I"",""K"",""L"",""P"",""R"",""S"",""T"",""V""]","[""P"",""S"",""T"",""V""]","[""I"",""K"",""L"",""P"",""R"",""S"",""T""]","[""P"",""S"",""T""]","[""V""]","[""V""]"
kg_base,2,3,knowledge_agent-s11-f02-GB1-hierarchical-kg_base-f02-20260820T222047896228Z,39,V,"[""L"",""I""]","[""D"",""F"",""H"",""I"",""L"",""Q"",""S"",""W"",""Y""]","[""F"",""H"",""I"",""L"",""Q"",""S""]","[""D"",""F"",""H"",""I"",""L"",""Q"",""S"",""W"",""Y""]","[""F"",""H"",""I"",""L"",""Q"",""S""]","[""I"",""L""]","[""I"",""L""]"
kg_base,2,3,knowledge_agent-s11-f02-GB1-hierarchical-kg_base-f02-20260820T222047896228Z,40,D,"[""F"",""Y""]","[""A"",""E"",""F"",""K"",""Q"",""S"",""V"",""Y""]","[""A"",""F"",""Q"",""S"",""Y""]","[""A"",""E"",""F"",""K"",""Q"",""S"",""V"",""Y""]","[""A"",""F"",""Q"",""S"",""Y""]","[""F"",""Y""]","[""F"",""Y""]"
kg_base,2,3,knowledge_agent-s11-f02-GB1-hierarchical-kg_base-f02-20260820T222047896228Z,41,G,"[""G""]","[""G"",""H"",""I"",""K"",""L"",""N""]","[""G"",""L"",""N""]","[""H"",""I"",""K"",""L"",""N""]","[""L"",""N""]","[""G""]","[""G""]"
kg_base,2,3,knowledge_agent-s11-f02-GB1-hierarchical-kg_base-f02-20260820T222047896228Z,54,V,"[""V""]","[""H"",""I"",""K"",""L"",""M"",""N"",""R"",""S"",""V"",""Y""]","[""H"",""K"",""L"",""M"",""N"",""R"",""S"",""V"",""Y""]","[""H"",""I"",""K"",""L"",""M"",""N"",""R"",""S"",""Y""]","[""H"",""K"",""L"",""M"",""N"",""R"",""S"",""Y""]","[""V""]","[""V""]"
kg_base_al,0,1,knowledge_agent-s11-f00-GB1-hierarchical-kg_base_al-f00-20260820T215844624477Z,39,V,"[""L"",""I"",""M"",""C""]","[""C"",""I"",""L"",""M""]","[""C"",""I"",""L"",""M""]","[""C"",""I"",""L"",""M""]","[""C"",""I"",""L"",""M""]","[""C"",""I"",""L"",""M""]","[""C"",""I"",""L"",""M""]"
kg_base_al,0,1,knowledge_agent-s11-f00-GB1-hierarchical-kg_base_al-f00-20260820T215844624477Z,40,D,"[""W"",""Y"",""F"",""H""]","[""F"",""H"",""W"",""Y""]","[""F"",""H"",""W"",""Y""]","[""F"",""H"",""W"",""Y""]","[""F"",""H"",""W"",""Y""]","[""F"",""H"",""W"",""Y""]","[""F"",""H"",""W"",""Y""]"
kg_base_al,0,1,knowledge_agent-s11-f00-GB1-hierarchical-kg_base_al-f00-20260820T215844624477Z,41,G,"[""G""]","[""G""]","[""G""]",[],[],"[""G""]","[""G""]"
kg_base_al,0,1,knowledge_agent-s11-f00-GB1-hierarchical-kg_base_al-f00-20260820T215844624477Z,54,V,"[""V"",""C"",""A""]","[""A"",""C"",""V""]","[""A"",""C"",""V""]","[""A"",""C""]","[""A"",""C""]","[""A"",""C"",""V""]","[""A"",""C"",""V""]"
kg_base_al,0,2,knowledge_agent-s11-f00-GB1-hierarchical-kg_base_al-f00-20260820T215844624477Z,39,V,"[""L"",""I"",""C""]","[""A"",""C"",""F"",""G"",""I"",""L"",""N""]","[""C"",""F"",""I"",""L"",""N""]","[""A"",""C"",""F"",""G"",""I"",""L"",""N""]","[""C"",""F"",""I"",""L"",""N""]","[""C"",""I"",""L""]","[""C"",""I"",""L""]"
kg_base_al,0,2,knowledge_agent-s11-f00-GB1-hierarchical-kg_base_al-f00-20260820T215844624477Z,40,D,"[""Y"",""F"",""W"",""H""]","[""F"",""H"",""L"",""W"",""Y""]","[""F"",""H"",""W"",""Y""]","[""F"",""H"",""L"",""W"",""Y""]","[""F"",""H"",""W"",""Y""]","[""F"",""H"",""W"",""Y""]","[""F"",""H"",""W"",""Y""]"
kg_base_al,0,2,knowledge_agent-s11-f00-GB1-hierarchical-kg_base_al-f00-20260820T215844624477Z,41,G,"[""G""]","[""G"",""I"",""K"",""N"",""P"",""W""]","[""G"",""I"",""K"",""N""]","[""I"",""K"",""N"",""P"",""W""]","[""I"",""K"",""N""]","[""G""]","[""G""]"
kg_base_al,0,2,knowledge_agent-s11-f00-GB1-hierarchical-kg_base_al-f00-20260820T215844624477Z,54,V,"[""C"",""A"",""V""]","[""A"",""C"",""P"",""Q"",""V""]","[""A"",""C"",""P"",""Q"",""V""]","[""A"",""C"",""P"",""Q""]","[""A"",""C"",""P"",""Q""]","[""A"",""C"",""V""]","[""A"",""C"",""V""]"
kg_base_al,0,3,knowledge_agent-s11-f00-GB1-hierarchical-kg_base_al-f00-20260820T215844624477Z,39,V,"[""L"",""I"",""C""]","[""C"",""I"",""L"",""W"",""Y""]","[""C"",""I"",""L"",""W"",""Y""]","[""C"",""I"",""L"",""W"",""Y""]","[""C"",""I"",""L"",""W"",""Y""]","[""C"",""I"",""L""]","[""C"",""I"",""L""]"
kg_base_al,0,3,knowledge_agent-s11-f00-GB1-hierarchical-kg_base_al-f00-20260820T215844624477Z,40,D,"[""Y"",""F"",""W"",""H""]","[""F"",""H"",""M"",""N"",""P"",""S"",""T"",""W"",""Y""]","[""F"",""H"",""M"",""N"",""S"",""T"",""W"",""Y""]","[""F"",""H"",""M"",""N"",""P"",""S"",""T"",""W"",""Y""]","[""F"",""H"",""M"",""N"",""S"",""T"",""W"",""Y""]","[""F"",""H"",""W"",""Y""]","[""F"",""H"",""W"",""Y""]"
kg_base_al,0,3,knowledge_agent-s11-f00-GB1-hierarchical-kg_base_al-f00-20260820T215844624477Z,41,G,"[""G""]","[""F"",""G"",""H"",""K"",""L"",""N"",""P"",""Q"",""R"",""S"",""V""]","[""F"",""G"",""L"",""R"",""V""]","[""F"",""H"",""K"",""L"",""N"",""P"",""Q"",""R"",""S"",""V""]","[""F"",""L"",""R"",""V""]","[""G""]","[""G""]"
kg_base_al,0,3,knowledge_agent-s11-f00-GB1-hierarchical-kg_base_al-f00-20260820T215844624477Z,54,V,"[""C"",""A"",""V""]","[""A"",""C"",""G"",""I"",""L"",""T"",""V"",""W"",""Y""]","[""A"",""C"",""T"",""V"",""W"",""Y""]","[""A"",""C"",""G"",""I"",""L"",""T"",""W"",""Y""]","[""A"",""C"",""T"",""W"",""Y""]","[""A"",""C"",""V""]","[""A"",""C"",""V""]"
kg_base_al,1,1,knowledge_agent-s11-f01-GB1-hierarchical-kg_base_al-f01-20260820T221313830308Z,39,V,"[""L"",""I"",""M"",""C""]","[""C"",""I"",""L"",""M""]","[""C"",""I"",""L"",""M""]","[""C"",""I"",""L"",""M""]","[""C"",""I"",""L"",""M""]","[""C"",""I"",""L"",""M""]","[""C"",""I"",""L"",""M""]"
kg_base_al,1,1,knowledge_agent-s11-f01-GB1-hierarchical-kg_base_al-f01-20260820T221313830308Z,40,D,"[""Y"",""W"",""F"",""H"",""A"",""I"",""V""]","[""A"",""F"",""H"",""I"",""V"",""W"",""Y""]","[""A"",""F"",""H"",""I"",""W"",""Y""]","[""A"",""F"",""H"",""I"",""V"",""W"",""Y""]","[""A"",""F"",""H"",""I"",""W"",""Y""]","[""A"",""F"",""H"",""I"",""V"",""W"",""Y""]","[""A"",""F"",""H"",""I"",""W"",""Y""]"
kg_base_al,1,1,knowledge_agent-s11-f01-GB1-hierarchical-kg_base_al-f01-20260820T221313830308Z,41,G,"[""G""]","[""G""]","[""G""]",[],[],"[""G""]","[""G""]"
kg_base_al,1,1,knowledge_agent-s11-f01-GB1-hierarchical-kg_base_al-f01-20260820T221313830308Z,54,V,"[""V"",""C"",""A""]","[""A"",""C"",""V""]","[""C"",""V""]","[""A"",""C""]","[""C""]","[""A"",""C"",""V""]","[""C"",""V""]"
kg_base_al,1,2,knowledge_agent-s11-f01-GB1-hierarchical-kg_base_al-f01-20260820T221313830308Z,39,V,"[""L"",""I"",""C"",""M""]","[""C"",""I"",""K"",""L"",""M"",""Q"",""T""]","[""C"",""I"",""L"",""M"",""Q""]","[""C"",""I"",""K"",""L"",""M"",""Q"",""T""]","[""C"",""I"",""L"",""M"",""Q""]","[""C"",""I"",""L"",""M""]","[""C"",""I"",""L"",""M""]"
kg_base_al,1,2,knowledge_agent-s11-f01-GB1-hierarchical-kg_base_al-f01-20260820T221313830308Z,40,D,"[""Y"",""F"",""W"",""H""]","[""F"",""H"",""Q"",""W"",""Y""]","[""F"",""H"",""W"",""Y""]","[""F"",""H"",""Q"",""W"",""Y""]","[""F"",""H"",""W"",""Y""]","[""F"",""H"",""W"",""Y""]","[""F"",""H"",""W"",""Y""]"
kg_base_al,1,2,knowledge_agent-s11-f01-GB1-hierarchical-kg_base_al-f01-20260820T221313830308Z,41,G,"[""G""]","[""A"",""F"",""G"",""H"",""L"",""M"",""T"",""Y""]","[""A"",""G"",""H"",""L"",""M""]","[""A"",""F"",""H"",""L"",""M"",""T"",""Y""]","[""A"",""H"",""L"",""M""]","[""G""]","[""G""]"
kg_base_al,1,2,knowledge_agent-s11-f01-GB1-hierarchical-kg_base_al-f01-20260820T221313830308Z,54,V,"[""V"",""C""]","[""C"",""E"",""L"",""V""]","[""C"",""E"",""V""]","[""C"",""E"",""L""]","[""C"",""E""]","[""C"",""V""]","[""C"",""V""]"
kg_base_al,1,3,knowledge_agent-s11-f01-GB1-hierarchical-kg_base_al-f01-20260820T221313830308Z,39,V,"[""L"",""I"",""M"",""C""]","[""C"",""F"",""H"",""I"",""L"",""M""]","[""C"",""F"",""I"",""L"",""M""]","[""C"",""F"",""H"",""I"",""L"",""M""]","[""C"",""F"",""I"",""L"",""M""]","[""C"",""I"",""L"",""M""]","[""C"",""I"",""L"",""M""]"
kg_base_al,1,3,knowledge_agent-s11-f01-GB1-hierarchical-kg_base_al-f01-20260820T221313830308Z,40,D,"[""Y"",""W"",""F"",""H""]","[""A"",""F"",""H"",""M"",""W"",""Y""]","[""A"",""F"",""H"",""W"",""Y""]","[""A"",""F"",""H"",""M"",""W"",""Y""]","[""A"",""F"",""H"",""W"",""Y""]","[""F"",""H"",""W"",""Y""]","[""F"",""H"",""W"",""Y""]"
kg_base_al,1,3,knowledge_agent-s11-f01-GB1-hierarchical-kg_base_al-f01-20260820T221313830308Z,41,G,"[""G""]","[""A"",""D"",""F"",""G"",""H"",""K"",""M"",""P"",""R"",""T""]","[""G"",""R""]","[""A"",""D"",""F"",""H"",""K"",""M"",""P"",""R"",""T""]","[""R""]","[""G""]","[""G""]"
kg_base_al,1,3,knowledge_agent-s11-f01-GB1-hierarchical-kg_base_al-f01-20260820T221313830308Z,54,V,"[""V"",""C"",""A""]","[""A"",""C"",""K"",""M"",""Q"",""V""]","[""A"",""C"",""K"",""M"",""Q"",""V""]","[""A"",""C"",""K"",""M"",""Q""]","[""A"",""C"",""K"",""M"",""Q""]","[""A"",""C"",""V""]","[""A"",""C"",""V""]"
kg_base_al,2,1,knowledge_agent-s11-f02-GB1-hierarchical-kg_base_al-f02-20260820T222618938269Z,39,V,"[""L"",""I"",""C""]","[""C"",""I"",""L"",""V""]","[""C"",""I"",""L""]","[""C"",""I"",""L""]","[""C"",""I"",""L""]","[""C"",""I"",""L""]","[""C"",""I"",""L""]"
kg_base_al,2,1,knowledge_agent-s11-f02-GB1-hierarchical-kg_base_al-f02-20260820T222618938269Z,40,D,"[""Y"",""F"",""W"",""H""]","[""F"",""H"",""W"",""Y""]","[""F"",""H"",""W"",""Y""]","[""F"",""H"",""W"",""Y""]","[""F"",""H"",""W"",""Y""]","[""F"",""H"",""W"",""Y""]","[""F"",""H"",""W"",""Y""]"
kg_base_al,2,1,knowledge_agent-s11-f02-GB1-hierarchical-kg_base_al-f02-20260820T222618938269Z,41,G,"[""G""]","[""F"",""G""]","[""G""]","[""F""]",[],"[""G""]","[""G""]"
kg_base_al,2,1,knowledge_agent-s11-f02-GB1-hierarchical-kg_base_al-f02-20260820T222618938269Z,54,V,"[""V"",""A"",""C""]","[""A"",""C"",""V""]","[""A"",""C"",""V""]","[""A"",""C""]","[""A"",""C""]","[""A"",""C"",""V""]","[""A"",""C"",""V""]"
kg_base_al,2,2,knowledge_agent-s11-f02-GB1-hierarchical-kg_base_al-f02-20260820T222618938269Z,39,V,"[""L"",""I"",""C""]","[""A"",""C"",""I"",""L"",""Q"",""T""]","[""C"",""I"",""L""]","[""A"",""C"",""I"",""L"",""Q"",""T""]","[""C"",""I"",""L""]","[""C"",""I"",""L""]","[""C"",""I"",""L""]"
kg_base_al,2,2,knowledge_agent-s11-f02-GB1-hierarchical-kg_base_al-f02-20260820T222618938269Z,40,D,"[""Y"",""F"",""W"",""H""]","[""F"",""H"",""I"",""V"",""W"",""Y""]","[""F"",""H"",""I"",""V"",""W"",""Y""]","[""F"",""H"",""I"",""V"",""W"",""Y""]","[""F"",""H"",""I"",""V"",""W"",""Y""]","[""F"",""H"",""W"",""Y""]","[""F"",""H"",""W"",""Y""]"
kg_base_al,2,2,knowledge_agent-s11-f02-GB1-hierarchical-kg_base_al-f02-20260820T222618938269Z,41,G,"[""G""]","[""F"",""G"",""H"",""P"",""R"",""T"",""V"",""Y""]","[""F"",""G"",""Y""]","[""F"",""H"",""P"",""R"",""T"",""V"",""Y""]","[""F"",""Y""]","[""G""]","[""G""]"
kg_base_al,2,2,knowledge_agent-s11-f02-GB1-hierarchical-kg_base_al-f02-20260820T222618938269Z,54,V,"[""V"",""C"",""A""]","[""A"",""C"",""H"",""K"",""M"",""V""]","[""A"",""C"",""H"",""K"",""M"",""V""]","[""A"",""C"",""H"",""K"",""M""]","[""A"",""C"",""H"",""K"",""M""]","[""A"",""C"",""V""]","[""A"",""C"",""V""]"
kg_base_al,2,3,knowledge_agent-s11-f02-GB1-hierarchical-kg_base_al-f02-20260820T222618938269Z,39,V,"[""L"",""I"",""C""]","[""C"",""D"",""I"",""L"",""M"",""P""]","[""C"",""D"",""I"",""L"",""M"",""P""]","[""C"",""D"",""I"",""L"",""M"",""P""]","[""C"",""D"",""I"",""L"",""M"",""P""]","[""C"",""I"",""L""]","[""C"",""I"",""L""]"
kg_base_al,2,3,knowledge_agent-s11-f02-GB1-hierarchical-kg_base_al-f02-20260820T222618938269Z,40,D,"[""Y"",""F"",""W"",""H""]","[""F"",""H"",""L"",""M"",""Q"",""R"",""W"",""Y""]","[""F"",""H"",""W"",""Y""]","[""F"",""H"",""L"",""M"",""Q"",""R"",""W"",""Y""]","[""F"",""H"",""W"",""Y""]","[""F"",""H"",""W"",""Y""]","[""F"",""H"",""W"",""Y""]"
kg_base_al,2,3,knowledge_agent-s11-f02-GB1-hierarchical-kg_base_al-f02-20260820T222618938269Z,41,G,"[""G""]","[""D"",""G"",""H"",""N"",""Y""]","[""D"",""G""]","[""D"",""H"",""N"",""Y""]","[""D""]","[""G""]","[""G""]"
kg_base_al,2,3,knowledge_agent-s11-f02-GB1-hierarchical-kg_base_al-f02-20260820T222618938269Z,54,V,"[""V"",""C"",""A"",""M""]","[""A"",""C"",""I"",""K"",""M"",""P"",""V""]","[""A"",""C"",""I"",""K"",""M"",""P"",""V""]","[""A"",""C"",""I"",""K"",""M"",""P""]","[""A"",""C"",""I"",""K"",""M"",""P""]","[""A"",""C"",""M"",""V""]","[""A"",""C"",""M"",""V""]"
kg_base_rag,0,1,knowledge_agent-s11-f00-GB1-hierarchical-kg_base_rag-f00-20260820T215844674788Z,39,V,"[""C"",""L"",""I"",""M""]","[""C"",""G"",""I"",""L"",""M"",""Q""]","[""C"",""G"",""I"",""L"",""M""]","[""C"",""G"",""I"",""L"",""M"",""Q""]","[""C"",""G"",""I"",""L"",""M""]","[""C"",""I"",""L"",""M""]","[""C"",""I"",""L"",""M""]"
kg_base_rag,0,1,knowledge_agent-s11-f00-GB1-hierarchical-kg_base_rag-f00-20260820T215844674788Z,40,D,"[""Y"",""W"",""F"",""H""]","[""F"",""G"",""H"",""N"",""P"",""W"",""Y""]","[""F"",""G"",""H"",""N"",""W"",""Y""]","[""F"",""G"",""H"",""N"",""P"",""W"",""Y""]","[""F"",""G"",""H"",""N"",""W"",""Y""]","[""F"",""H"",""W"",""Y""]","[""F"",""H"",""W"",""Y""]"
kg_base_rag,0,1,knowledge_agent-s11-f00-GB1-hierarchical-kg_base_rag-f00-20260820T215844674788Z,41,G,"[""G""]","[""D"",""G"",""L""]","[""G"",""L""]","[""D"",""L""]","[""L""]","[""G""]","[""G""]"
kg_base_rag,0,1,knowledge_agent-s11-f00-GB1-hierarchical-kg_base_rag-f00-20260820T215844674788Z,54,V,"[""A"",""C"",""V""]","[""A"",""C"",""M"",""V""]","[""A"",""C"",""V""]","[""A"",""C"",""M""]","[""A"",""C""]","[""A"",""C"",""V""]","[""A"",""C"",""V""]"
kg_base_rag,0,2,knowledge_agent-s11-f00-GB1-hierarchical-kg_base_rag-f00-20260820T215844674788Z,39,V,"[""L"",""I"",""C"",""V""]","[""C"",""E"",""I"",""K"",""L"",""S"",""V""]","[""C"",""E"",""I"",""K"",""L"",""S"",""V""]","[""C"",""E"",""I"",""K"",""L"",""S""]","[""C"",""E"",""I"",""K"",""L"",""S""]","[""C"",""I"",""L"",""V""]","[""C"",""I"",""L"",""V""]"
kg_base_rag,0,2,knowledge_agent-s11-f00-GB1-hierarchical-kg_base_rag-f00-20260820T215844674788Z,40,D,"[""Y"",""W"",""F"",""H""]","[""F"",""H"",""W"",""Y""]","[""F"",""H"",""W"",""Y""]","[""F"",""H"",""W"",""Y""]","[""F"",""H"",""W"",""Y""]","[""F"",""H"",""W"",""Y""]","[""F"",""H"",""W"",""Y""]"
kg_base_rag,0,2,knowledge_agent-s11-f00-GB1-hierarchical-kg_base_rag-f00-20260820T215844674788Z,41,G,"[""G""]","[""G"",""L"",""M"",""P"",""W""]","[""G"",""L"",""M"",""P"",""W""]","[""L"",""M"",""P"",""W""]","[""L"",""M"",""P"",""W""]","[""G""]","[""G""]"
kg_base_rag,0,2,knowledge_agent-s11-f00-GB1-hierarchical-kg_base_rag-f00-20260820T215844674788Z,54,V,"[""V"",""C"",""A""]","[""A"",""C"",""K"",""V""]","[""A"",""C"",""K"",""V""]","[""A"",""C"",""K""]","[""A"",""C"",""K""]","[""A"",""C"",""V""]","[""A"",""C"",""V""]"
kg_base_rag,0,3,knowledge_agent-s11-f00-GB1-hierarchical-kg_base_rag-f00-20260820T215844674788Z,39,V,"[""L"",""I"",""C""]","[""A"",""C"",""I"",""L"",""M"",""P"",""Q"",""S""]","[""C"",""I"",""L"",""M"",""P"",""Q""]","[""A"",""C"",""I"",""L"",""M"",""P"",""Q"",""S""]","[""C"",""I"",""L"",""M"",""P"",""Q""]","[""C"",""I"",""L""]","[""C"",""I"",""L""]"
kg_base_rag,0,3,knowledge_agent-s11-f00-GB1-hierarchical-kg_base_rag-f00-20260820T215844674788Z,40,D,"[""Y"",""W"",""F"",""H""]","[""F"",""H"",""S"",""W"",""Y""]","[""F"",""S"",""W"",""Y""]","[""F"",""H"",""S"",""W"",""Y""]","[""F"",""S"",""W"",""Y""]","[""F"",""H"",""W"",""Y""]","[""F"",""W"",""Y""]"
kg_base_rag,0,3,knowledge_agent-s11-f00-GB1-hierarchical-kg_base_rag-f00-20260820T215844674788Z,41,G,"[""G""]","[""A"",""C"",""G"",""I"",""L"",""S"",""T""]","[""A"",""G"",""I"",""L"",""S"",""T""]","[""A"",""C"",""I"",""L"",""S"",""T""]","[""A"",""I"",""L"",""S"",""T""]","[""G""]","[""G""]"
kg_base_rag,0,3,knowledge_agent-s11-f00-GB1-hierarchical-kg_base_rag-f00-20260820T215844674788Z,54,V,"[""C"",""A"",""V""]","[""A"",""C"",""K"",""L"",""N"",""R"",""S"",""T"",""V""]","[""A"",""C"",""N"",""S"",""T"",""V""]","[""A"",""C"",""K"",""L"",""N"",""R"",""S"",""T""]","[""A"",""C"",""N"",""S"",""T""]","[""A"",""C"",""V""]","[""A"",""C"",""V""]"
kg_base_rag,1,1,knowledge_agent-s11-f01-GB1-hierarchical-kg_base_rag-f01-20260820T221240262683Z,39,V,"[""I"",""L""]","[""E"",""G"",""I"",""L"",""Q"",""T""]","[""G"",""I"",""L"",""Q""]","[""E"",""G"",""I"",""L"",""Q"",""T""]","[""G"",""I"",""L"",""Q""]","[""I"",""L""]","[""I"",""L""]"
kg_base_rag,1,1,knowledge_agent-s11-f01-GB1-hierarchical-kg_base_rag-f01-20260820T221240262683Z,40,D,"[""Y"",""F""]","[""F"",""G"",""H"",""S"",""T"",""Y""]","[""F"",""G"",""S"",""Y""]","[""F"",""G"",""H"",""S"",""T"",""Y""]","[""F"",""G"",""S"",""Y""]","[""F"",""Y""]","[""F"",""Y""]"
kg_base_rag,1,1,knowledge_agent-s11-f01-GB1-hierarchical-kg_base_rag-f01-20260820T221240262683Z,41,G,"[""G""]","[""A"",""C"",""E"",""G"",""H"",""I"",""K"",""L"",""Q"",""S""]","[""A"",""G"",""H"",""I"",""L"",""S""]","[""A"",""C"",""E"",""H"",""I"",""K"",""L"",""Q"",""S""]","[""A"",""H"",""I"",""L"",""S""]","[""G""]","[""G""]"
kg_base_rag,1,1,knowledge_agent-s11-f01-GB1-hierarchical-kg_base_rag-f01-20260820T221240262683Z,54,V,"[""A""]","[""A"",""C"",""H"",""I"",""K"",""M"",""P"",""Q"",""T"",""V"",""W""]","[""A"",""H"",""K"",""M"",""Q"",""T"",""V"",""W""]","[""A"",""C"",""H"",""I"",""K"",""M"",""P"",""Q"",""T"",""W""]","[""A"",""H"",""K"",""M"",""Q"",""T"",""W""]","[""A""]","[""A""]"
kg_base_rag,1,2,knowledge_agent-s11-f01-GB1-hierarchical-kg_base_rag-f01-20260820T221240262683Z,39,V,"[""L"",""C"",""I""]","[""C"",""D"",""I"",""L"",""W""]","[""C"",""I"",""L"",""W""]","[""C"",""D"",""I"",""L"",""W""]","[""C"",""I"",""L"",""W""]","[""C"",""I"",""L""]","[""C"",""I"",""L""]"
kg_base_rag,1,2,knowledge_agent-s11-f01-GB1-hierarchical-kg_base_rag-f01-20260820T221240262683Z,40,D,"[""Y"",""F"",""W""]","[""C"",""F"",""M"",""W"",""Y""]","[""F"",""W"",""Y""]","[""C"",""F"",""M"",""W"",""Y""]","[""F"",""W"",""Y""]","[""F"",""W"",""Y""]","[""F"",""W"",""Y""]"
kg_base_rag,1,2,knowledge_agent-s11-f01-GB1-hierarchical-kg_base_rag-f01-20260820T221240262683Z,41,G,"[""G"",""A""]","[""A"",""F"",""G"",""K"",""N""]","[""A"",""G""]","[""A"",""F"",""K"",""N""]","[""A""]","[""A"",""G""]","[""A"",""G""]"
kg_base_rag,1,2,knowledge_agent-s11-f01-GB1-hierarchical-kg_base_rag-f01-20260820T221240262683Z,54,V,"[""A"",""V""]","[""A"",""G"",""K"",""V""]","[""A"",""V""]","[""A"",""G"",""K""]","[""A""]","[""A"",""V""]","[""A"",""V""]"
kg_base_rag,1,3,knowledge_agent-s11-f01-GB1-hierarchical-kg_base_rag-f01-20260820T221240262683Z,39,V,"[""L"",""I"",""C""]","[""C"",""E"",""F"",""I"",""L"",""M"",""Q"",""T""]","[""C"",""E"",""I"",""L""]","[""C"",""E"",""F"",""I"",""L"",""M"",""Q"",""T""]","[""C"",""E"",""I"",""L""]","[""C"",""I"",""L""]","[""C"",""I"",""L""]"
kg_base_rag,1,3,knowledge_agent-s11-f01-GB1-hierarchical-kg_base_rag-f01-20260820T221240262683Z,40,D,"[""Y"",""F"",""W""]","[""F"",""M"",""P"",""Q"",""S"",""W"",""Y""]","[""F"",""M"",""W"",""Y""]","[""F"",""M"",""P"",""Q"",""S"",""W"",""Y""]","[""F"",""M"",""W"",""Y""]","[""F"",""W"",""Y""]","[""F"",""W"",""Y""]"
kg_base_rag,1,3,knowledge_agent-s11-f01-GB1-hierarchical-kg_base_rag-f01-20260820T221240262683Z,41,G,"[""G"",""A""]","[""A"",""F"",""G"",""H"",""I"",""M"",""R"",""T""]","[""A"",""F"",""G"",""I"",""M"",""R""]","[""A"",""F"",""H"",""I"",""M"",""R"",""T""]","[""A"",""F"",""I"",""M"",""R""]","[""A"",""G""]","[""A"",""G""]"
kg_base_rag,1,3,knowledge_agent-s11-f01-GB1-hierarchical-kg_base_rag-f01-20260820T221240262683Z,54,V,"[""A"",""V""]","[""A"",""D"",""F"",""H"",""I"",""L"",""M"",""V"",""Y""]","[""A"",""D"",""L"",""V"",""Y""]","[""A"",""D"",""F"",""H"",""I"",""L"",""M"",""Y""]","[""A"",""D"",""L"",""Y""]","[""A"",""V""]","[""A"",""V""]"
kg_base_rag,2,1,knowledge_agent-s11-f02-GB1-hierarchical-kg_base_rag-f02-20260820T222600583330Z,39,V,"[""L"",""I"",""C"",""V""]","[""C"",""I"",""L"",""V""]","[""C"",""I"",""L"",""V""]","[""C"",""I"",""L""]","[""C"",""I"",""L""]","[""C"",""I"",""L"",""V""]","[""C"",""I"",""L"",""V""]"
kg_base_rag,2,1,knowledge_agent-s11-f02-GB1-hierarchical-kg_base_rag-f02-20260820T222600583330Z,40,D,"[""Y"",""W"",""F"",""H"",""A""]","[""A"",""C"",""F"",""H"",""N"",""P"",""W"",""Y""]","[""A"",""C"",""H"",""P"",""W"",""Y""]","[""A"",""C"",""F"",""H"",""N"",""P"",""W"",""Y""]","[""A"",""C"",""H"",""P"",""W"",""Y""]","[""A"",""F"",""H"",""W"",""Y""]","[""A"",""H"",""W"",""Y""]"
kg_base_rag,2,1,knowledge_agent-s11-f02-GB1-hierarchical-kg_base_rag-f02-20260820T222600583330Z,41,G,"[""G""]","[""A"",""D"",""G"",""W"",""Y""]","[""D"",""G"",""W""]","[""A"",""D"",""W"",""Y""]","[""D"",""W""]","[""G""]","[""G""]"
kg_base_rag,2,1,knowledge_agent-s11-f02-GB1-hierarchical-kg_base_rag-f02-20260820T222600583330Z,54,V,"[""A"",""C"",""V""]","[""A"",""C"",""T"",""V""]","[""A"",""C"",""V""]","[""A"",""C"",""T""]","[""A"",""C""]","[""A"",""C"",""V""]","[""A"",""C"",""V""]"
kg_base_rag,2,2,knowledge_agent-s11-f02-GB1-hierarchical-kg_base_rag-f02-20260820T222600583330Z,39,V,"[""L"",""I"",""C""]","[""C"",""I"",""K"",""L"",""P""]","[""C"",""I"",""K"",""L"",""P""]","[""C"",""I"",""K"",""L"",""P""]","[""C"",""I"",""K"",""L"",""P""]","[""C"",""I"",""L""]","[""C"",""I"",""L""]"
kg_base_rag,2,2,knowledge_agent-s11-f02-GB1-hierarchical-kg_base_rag-f02-20260820T222600583330Z,40,D,"[""Y"",""W"",""F"",""H"",""A""]","[""A"",""D"",""F"",""H"",""T"",""W"",""Y""]","[""A"",""D"",""F"",""H"",""T"",""W"",""Y""]","[""A"",""F"",""H"",""T"",""W"",""Y""]","[""A"",""F"",""H"",""T"",""W"",""Y""]","[""A"",""F"",""H"",""W"",""Y""]","[""A"",""F"",""H"",""W"",""Y""]"
kg_base_rag,2,2,knowledge_agent-s11-f02-GB1-hierarchical-kg_base_rag-f02-20260820T222600583330Z,41,G,"[""G""]","[""A"",""G"",""R""]","[""A"",""G"",""R""]","[""A"",""R""]","[""A"",""R""]","[""G""]","[""G""]"
kg_base_rag,2,2,knowledge_agent-s11-f02-GB1-hierarchical-kg_base_rag-f02-20260820T222600583330Z,54,V,"[""C"",""A"",""V""]","[""A"",""C"",""V""]","[""A"",""C"",""V""]","[""A"",""C""]","[""A"",""C""]","[""A"",""C"",""V""]","[""A"",""C"",""V""]"
kg_base_rag,2,3,knowledge_agent-s11-f02-GB1-hierarchical-kg_base_rag-f02-20260820T222600583330Z,39,V,"[""L"",""I""]","[""C"",""E"",""I"",""K"",""L"",""M"",""S"",""T"",""W""]","[""C"",""E"",""I"",""L"",""S""]","[""C"",""E"",""I"",""K"",""L"",""M"",""S"",""T"",""W""]","[""C"",""E"",""I"",""L"",""S""]","[""I"",""L""]","[""I"",""L""]"
kg_base_rag,2,3,knowledge_agent-s11-f02-GB1-hierarchical-kg_base_rag-f02-20260820T222600583330Z,40,D,"[""Y"",""W"",""F"",""H""]","[""C"",""E"",""F"",""H"",""I"",""S"",""V"",""W"",""Y""]","[""C"",""E"",""F"",""H"",""S"",""V"",""W"",""Y""]","[""C"",""E"",""F"",""H"",""I"",""S"",""V"",""W"",""Y""]","[""C"",""E"",""F"",""H"",""S"",""V"",""W"",""Y""]","[""F"",""H"",""W"",""Y""]","[""F"",""H"",""W"",""Y""]"
kg_base_rag,2,3,knowledge_agent-s11-f02-GB1-hierarchical-kg_base_rag-f02-20260820T222600583330Z,41,G,"[""G""]","[""A"",""E"",""F"",""G"",""I"",""L"",""P"",""T"",""Y""]","[""E"",""G"",""L"",""P"",""T""]","[""A"",""E"",""F"",""I"",""L"",""P"",""T"",""Y""]","[""E"",""L"",""P"",""T""]","[""G""]","[""G""]"
kg_base_rag,2,3,knowledge_agent-s11-f02-GB1-hierarchical-kg_base_rag-f02-20260820T222600583330Z,54,V,"[""C"",""A"",""V""]","[""A"",""C"",""L"",""P"",""V"",""W""]","[""A"",""C"",""V"",""W""]","[""A"",""C"",""L"",""P"",""W""]","[""A"",""C"",""W""]","[""A"",""C"",""V""]","[""A"",""C"",""V""]"
random,0,1,random-s42-f00-al96-random-20260820T102642879211Z,39,V,[],"[""C"",""D"",""E"",""F"",""G"",""H"",""I"",""K"",""L"",""N"",""P"",""Q"",""S"",""T"",""V"",""W"",""Y""]","[""C"",""E"",""F"",""H"",""I"",""K"",""N"",""S"",""T"",""V"",""W"",""Y""]","[""C"",""D"",""E"",""F"",""G"",""H"",""I"",""K"",""L"",""N"",""P"",""Q"",""S"",""T"",""W"",""Y""]","[""C"",""E"",""F"",""H"",""I"",""K"",""N"",""S"",""T"",""W"",""Y""]",[],[]
random,0,1,random-s42-f00-al96-random-20260820T102642879211Z,40,D,[],"[""A"",""C"",""E"",""G"",""I"",""K"",""L"",""M"",""N"",""P"",""Q"",""R"",""T"",""V"",""W"",""Y""]","[""C"",""G"",""I"",""M"",""N"",""P"",""Q"",""T"",""Y""]","[""A"",""C"",""E"",""G"",""I"",""K"",""L"",""M"",""N"",""P"",""Q"",""R"",""T"",""V"",""W"",""Y""]","[""C"",""G"",""I"",""M"",""N"",""P"",""Q"",""T"",""Y""]",[],[]
random,0,1,random-s42-f00-al96-random-20260820T102642879211Z,41,G,[],"[""A"",""C"",""F"",""G"",""H"",""I"",""K"",""L"",""M"",""N"",""P"",""Q"",""R"",""S"",""W""]","[""A"",""C"",""F"",""G"",""H"",""I"",""K"",""L"",""M"",""N"",""P"",""Q""]","[""A"",""C"",""F"",""H"",""I"",""K"",""L"",""M"",""N"",""P"",""Q"",""R"",""S"",""W""]","[""A"",""C"",""F"",""H"",""I"",""K"",""L"",""M"",""N"",""P"",""Q""]",[],[]
random,0,1,random-s42-f00-al96-random-20260820T102642879211Z,54,V,[],"[""A"",""C"",""F"",""G"",""H"",""I"",""K"",""L"",""M"",""N"",""P"",""Q"",""R"",""S"",""T"",""V"",""Y""]","[""A"",""C"",""G"",""K"",""L"",""M"",""N"",""Q"",""R"",""S"",""T"",""V""]","[""A"",""C"",""F"",""G"",""H"",""I"",""K"",""L"",""M"",""N"",""P"",""Q"",""R"",""S"",""T"",""Y""]","[""A"",""C"",""G"",""K"",""L"",""M"",""N"",""Q"",""R"",""S"",""T""]",[],[]
random,0,2,random-s42-f00-al96-random-20260820T102642879211Z,39,V,[],"[""C"",""D"",""E"",""F"",""G"",""H"",""I"",""K"",""L"",""N"",""Q"",""R"",""S"",""T"",""W"",""Y""]","[""C"",""E"",""F"",""G"",""H"",""I"",""K"",""L"",""Q"",""R"",""S"",""Y""]","[""C"",""D"",""E"",""F"",""G"",""H"",""I"",""K"",""L"",""N"",""Q"",""R"",""S"",""T"",""W"",""Y""]","[""C"",""E"",""F"",""G"",""H"",""I"",""K"",""L"",""Q"",""R"",""S"",""Y""]",[],[]
random,0,2,random-s42-f00-al96-random-20260820T102642879211Z,40,D,[],"[""A"",""C"",""D"",""E"",""F"",""G"",""H"",""I"",""L"",""M"",""P"",""Q"",""R"",""T"",""V"",""W""]","[""A"",""C"",""E"",""F"",""H"",""I"",""M"",""Q"",""R"",""W""]","[""A"",""C"",""E"",""F"",""G"",""H"",""I"",""L"",""M"",""P"",""Q"",""R"",""T"",""V"",""W""]","[""A"",""C"",""E"",""F"",""H"",""I"",""M"",""Q"",""R"",""W""]",[],[]
random,0,2,random-s42-f00-al96-random-20260820T102642879211Z,41,G,[],"[""A"",""C"",""D"",""E"",""F"",""H"",""I"",""K"",""L"",""M"",""N"",""P"",""Q"",""R"",""T"",""V"",""Y""]","[""C"",""E"",""F"",""I"",""K"",""N"",""P"",""R"",""T"",""V"",""Y""]","[""A"",""C"",""D"",""E"",""F"",""H"",""I"",""K"",""L"",""M"",""N"",""P"",""Q"",""R"",""T"",""V"",""Y""]","[""C"",""E"",""F"",""I"",""K"",""N"",""P"",""R"",""T"",""V"",""Y""]",[],[]
random,0,2,random-s42-f00-al96-random-20260820T102642879211Z,54,V,[],"[""A"",""C"",""E"",""F"",""G"",""H"",""I"",""K"",""L"",""M"",""N"",""Q"",""R"",""S"",""V"",""W""]","[""A"",""E"",""F"",""G"",""I"",""M"",""N"",""Q"",""R"",""S"",""V"",""W""]","[""A"",""C"",""E"",""F"",""G"",""H"",""I"",""K"",""L"",""M"",""N"",""Q"",""R"",""S"",""W""]","[""A"",""E"",""F"",""G"",""I"",""M"",""N"",""Q"",""R"",""S"",""W""]",[],[]
random,0,3,random-s42-f00-al96-random-20260820T102642879211Z,39,V,[],"[""A"",""C"",""F"",""G"",""H"",""K"",""M"",""N"",""P"",""Q"",""R"",""S"",""V"",""W"",""Y""]","[""A"",""C"",""F"",""G"",""H"",""K"",""M"",""N"",""Q"",""R"",""S"",""V"",""W"",""Y""]","[""A"",""C"",""F"",""G"",""H"",""K"",""M"",""N"",""P"",""Q"",""R"",""S"",""W"",""Y""]","[""A"",""C"",""F"",""G"",""H"",""K"",""M"",""N"",""Q"",""R"",""S"",""W"",""Y""]",[],[]
random,0,3,random-s42-f00-al96-random-20260820T102642879211Z,40,D,[],"[""C"",""D"",""E"",""F"",""G"",""H"",""I"",""K"",""L"",""M"",""N"",""Q"",""R"",""S"",""V"",""W"",""Y""]","[""C"",""D"",""E"",""G"",""H"",""I"",""K"",""M"",""N"",""Q"",""R"",""S"",""V"",""Y""]","[""C"",""E"",""F"",""G"",""H"",""I"",""K"",""L"",""M"",""N"",""Q"",""R"",""S"",""V"",""W"",""Y""]","[""C"",""E"",""G"",""H"",""I"",""K"",""M"",""N"",""Q"",""R"",""S"",""V"",""Y""]",[],[]
random,0,3,random-s42-f00-al96-random-20260820T102642879211Z,41,G,[],"[""A"",""C"",""E"",""G"",""I"",""K"",""L"",""M"",""N"",""P"",""Q"",""R"",""S"",""T"",""V"",""W"",""Y""]","[""C"",""G"",""I"",""K"",""N"",""S"",""T"",""V"",""W""]","[""A"",""C"",""E"",""I"",""K"",""L"",""M"",""N"",""P"",""Q"",""R"",""S"",""T"",""V"",""W"",""Y""]","[""C"",""I"",""K"",""N"",""S"",""T"",""V"",""W""]",[],[]
random,0,3,random-s42-f00-al96-random-20260820T102642879211Z,54,V,[],"[""A"",""C"",""D"",""F"",""G"",""I"",""L"",""M"",""P"",""R"",""S"",""T"",""V"",""W"",""Y""]","[""A"",""C"",""D"",""I"",""L"",""M"",""P"",""R"",""S"",""V"",""Y""]","[""A"",""C"",""D"",""F"",""G"",""I"",""L"",""M"",""P"",""R"",""S"",""T"",""W"",""Y""]","[""A"",""C"",""D"",""I"",""L"",""M"",""P"",""R"",""S"",""Y""]",[],[]
random,1,1,random-s42-f01-al96-random-20260820T102642882520Z,39,V,[],"[""A"",""C"",""D"",""E"",""F"",""G"",""H"",""I"",""K"",""L"",""M"",""N"",""P"",""Q"",""W"",""Y""]","[""D"",""F"",""H"",""I"",""K"",""M"",""N"",""P"",""Q"",""Y""]","[""A"",""C"",""D"",""E"",""F"",""G"",""H"",""I"",""K"",""L"",""M"",""N"",""P"",""Q"",""W"",""Y""]","[""D"",""F"",""H"",""I"",""K"",""M"",""N"",""P"",""Q"",""Y""]",[],[]
random,1,1,random-s42-f01-al96-random-20260820T102642882520Z,40,D,[],"[""A"",""C"",""D"",""E"",""G"",""H"",""I"",""K"",""L"",""M"",""P"",""Q"",""R"",""S"",""T"",""V"",""W""]","[""C"",""D"",""G"",""H"",""K"",""L"",""P"",""R"",""S"",""T"",""W""]","[""A"",""C"",""E"",""G"",""H"",""I"",""K"",""L"",""M"",""P"",""Q"",""R"",""S"",""T"",""V"",""W""]","[""C"",""G"",""H"",""K"",""L"",""P"",""R"",""S"",""T"",""W""]",[],[]
random,1,1,random-s42-f01-al96-random-20260820T102642882520Z,41,G,[],"[""A"",""D"",""E"",""H"",""I"",""K"",""L"",""M"",""N"",""P"",""Q"",""R"",""S"",""T"",""V"",""W"",""Y""]","[""A"",""E"",""H"",""I"",""K"",""L"",""Q"",""V"",""W"",""Y""]","[""A"",""D"",""E"",""H"",""I"",""K"",""L"",""M"",""N"",""P"",""Q"",""R"",""S"",""T"",""V"",""W"",""Y""]","[""A"",""E"",""H"",""I"",""K"",""L"",""Q"",""V"",""W"",""Y""]",[],[]
random,1,1,random-s42-f01-al96-random-20260820T102642882520Z,54,V,[],"[""A"",""F"",""G"",""H"",""I"",""K"",""M"",""N"",""R"",""S"",""T"",""V"",""Y""]","[""G"",""H"",""I"",""K"",""M"",""N"",""S"",""T"",""V"",""Y""]","[""A"",""F"",""G"",""H"",""I"",""K"",""M"",""N"",""R"",""S"",""T"",""Y""]","[""G"",""H"",""I"",""K"",""M"",""N"",""S"",""T"",""Y""]",[],[]
random,1,2,random-s42-f01-al96-random-20260820T102642882520Z,39,V,[],"[""A"",""D"",""E"",""F"",""G"",""I"",""K"",""L"",""Q"",""R"",""T"",""W"",""Y""]","[""A"",""D"",""F"",""G"",""I"",""K"",""L"",""Q"",""R"",""T"",""Y""]","[""A"",""D"",""E"",""F"",""G"",""I"",""K"",""L"",""Q"",""R"",""T"",""W"",""Y""]","[""A"",""D"",""F"",""G"",""I"",""K"",""L"",""Q"",""R"",""T"",""Y""]",[],[]
random,1,2,random-s42-f01-al96-random-20260820T102642882520Z,40,D,[],"[""C"",""D"",""E"",""H"",""K"",""L"",""M"",""N"",""P"",""Q"",""R"",""S"",""T"",""W"",""Y""]","[""C"",""D"",""E"",""K"",""L"",""M"",""N"",""P"",""Q"",""R"",""T"",""W"",""Y""]","[""C"",""E"",""H"",""K"",""L"",""M"",""N"",""P"",""Q"",""R"",""S"",""T"",""W"",""Y""]","[""C"",""E"",""K"",""L"",""M"",""N"",""P"",""Q"",""R"",""T"",""W"",""Y""]",[],[]
random,1,2,random-s42-f01-al96-random-20260820T102642882520Z,41,G,[],"[""A"",""D"",""E"",""F"",""G"",""H"",""K"",""L"",""N"",""R"",""T"",""V"",""W"",""Y""]","[""A"",""D"",""F"",""K"",""N"",""T"",""V"",""W"",""Y""]","[""A"",""D"",""E"",""F"",""H"",""K"",""L"",""N"",""R"",""T"",""V"",""W"",""Y""]","[""A"",""D"",""F"",""K"",""N"",""T"",""V"",""W"",""Y""]",[],[]
random,1,2,random-s42-f01-al96-random-20260820T102642882520Z,54,V,[],"[""A"",""C"",""D"",""F"",""H"",""I"",""K"",""L"",""M"",""Q"",""R"",""S"",""T"",""V"",""W"",""Y""]","[""F"",""H"",""K"",""L"",""M"",""Q"",""S"",""T"",""V""]","[""A"",""C"",""D"",""F"",""H"",""I"",""K"",""L"",""M"",""Q"",""R"",""S"",""T"",""W"",""Y""]","[""F"",""H"",""K"",""L"",""M"",""Q"",""S"",""T""]",[],[]
random,1,3,random-s42-f01-al96-random-20260820T102642882520Z,39,V,[],"[""A"",""C"",""D"",""E"",""F"",""G"",""I"",""K"",""L"",""M"",""N"",""P"",""Q"",""S"",""T"",""V"",""W"",""Y""]","[""A"",""C"",""D"",""G"",""I"",""L"",""M"",""N"",""P"",""Q"",""S"",""T"",""W"",""Y""]","[""A"",""C"",""D"",""E"",""F"",""G"",""I"",""K"",""L"",""M"",""N"",""P"",""Q"",""S"",""T"",""W"",""Y""]","[""A"",""C"",""D"",""G"",""I"",""L"",""M"",""N"",""P"",""Q"",""S"",""T"",""W"",""Y""]",[],[]
random,1,3,random-s42-f01-al96-random-20260820T102642882520Z,40,D,[],"[""A"",""C"",""D"",""E"",""G"",""I"",""L"",""M"",""N"",""Q"",""R"",""T"",""V"",""W"",""Y""]","[""A"",""C"",""D"",""E"",""M"",""N"",""R"",""T"",""W"",""Y""]","[""A"",""C"",""E"",""G"",""I"",""L"",""M"",""N"",""Q"",""R"",""T"",""V"",""W"",""Y""]","[""A"",""C"",""E"",""M"",""N"",""R"",""T"",""W"",""Y""]",[],[]
random,1,3,random-s42-f01-al96-random-20260820T102642882520Z,41,G,[],"[""A"",""C"",""E"",""G"",""H"",""I"",""K"",""L"",""M"",""N"",""P"",""R"",""S"",""T"",""V"",""W"",""Y""]","[""A"",""E"",""G"",""I"",""K"",""M"",""N"",""P"",""R"",""S"",""T""]","[""A"",""C"",""E"",""H"",""I"",""K"",""L"",""M"",""N"",""P"",""R"",""S"",""T"",""V"",""W"",""Y""]","[""A"",""E"",""I"",""K"",""M"",""N"",""P"",""R"",""S"",""T""]",[],[]
random,1,3,random-s42-f01-al96-random-20260820T102642882520Z,54,V,[],"[""A"",""C"",""E"",""G"",""H"",""I"",""L"",""M"",""N"",""P"",""Q"",""R"",""S"",""V"",""Y""]","[""A"",""C"",""E"",""G"",""H"",""I"",""M"",""N"",""R"",""S""]","[""A"",""C"",""E"",""G"",""H"",""I"",""L"",""M"",""N"",""P"",""Q"",""R"",""S"",""Y""]","[""A"",""C"",""E"",""G"",""H"",""I"",""M"",""N"",""R"",""S""]",[],[]
random,2,1,random-s42-f02-al96-random-20260820T103525062996Z,39,V,[],"[""D"",""E"",""I"",""K"",""L"",""M"",""N"",""P"",""Q"",""R"",""S"",""T"",""V"",""W"",""Y""]","[""D"",""E"",""I"",""K"",""L"",""M"",""N"",""P"",""Q"",""R"",""T"",""V"",""Y""]","[""D"",""E"",""I"",""K"",""L"",""M"",""N"",""P"",""Q"",""R"",""S"",""T"",""W"",""Y""]","[""D"",""E"",""I"",""K"",""L"",""M"",""N"",""P"",""Q"",""R"",""T"",""Y""]",[],[]
random,2,1,random-s42-f02-al96-random-20260820T103525062996Z,40,D,[],"[""A"",""D"",""E"",""F"",""G"",""H"",""I"",""K"",""L"",""M"",""N"",""Q"",""R"",""S"",""T"",""V"",""W"",""Y""]","[""A"",""D"",""E"",""H"",""K"",""M"",""N"",""R"",""T"",""V"",""W"",""Y""]","[""A"",""E"",""F"",""G"",""H"",""I"",""K"",""L"",""M"",""N"",""Q"",""R"",""S"",""T"",""V"",""W"",""Y""]","[""A"",""E"",""H"",""K"",""M"",""N"",""R"",""T"",""V"",""W"",""Y""]",[],[]
random,2,1,random-s42-f02-al96-random-20260820T103525062996Z,41,G,[],"[""A"",""C"",""D"",""E"",""F"",""G"",""K"",""L"",""M"",""P"",""R"",""T"",""Y""]","[""A"",""C"",""D"",""E"",""F"",""G"",""K"",""L"",""M"",""P"",""R"",""T"",""Y""]","[""A"",""C"",""D"",""E"",""F"",""K"",""L"",""M"",""P"",""R"",""T"",""Y""]","[""A"",""C"",""D"",""E"",""F"",""K"",""L"",""M"",""P"",""R"",""T"",""Y""]",[],[]
random,2,1,random-s42-f02-al96-random-20260820T103525062996Z,54,V,[],"[""A"",""E"",""F"",""G"",""H"",""I"",""K"",""L"",""M"",""N"",""P"",""Q"",""R"",""S"",""T"",""V"",""W""]","[""E"",""F"",""K"",""L"",""M"",""P"",""Q"",""R"",""S"",""T"",""V"",""W""]","[""A"",""E"",""F"",""G"",""H"",""I"",""K"",""L"",""M"",""N"",""P"",""Q"",""R"",""S"",""T"",""W""]","[""E"",""F"",""K"",""L"",""M"",""P"",""Q"",""R"",""S"",""T"",""W""]",[],[]
random,2,2,random-s42-f02-al96-random-20260820T103525062996Z,39,V,[],"[""A"",""C"",""D"",""E"",""F"",""G"",""H"",""I"",""K"",""L"",""N"",""P"",""Q"",""R"",""S"",""T"",""W"",""Y""]","[""A"",""C"",""D"",""E"",""G"",""H"",""K"",""L"",""Q"",""R"",""T"",""W"",""Y""]","[""A"",""C"",""D"",""E"",""F"",""G"",""H"",""I"",""K"",""L"",""N"",""P"",""Q"",""R"",""S"",""T"",""W"",""Y""]","[""A"",""C"",""D"",""E"",""G"",""H"",""K"",""L"",""Q"",""R"",""T"",""W"",""Y""]",[],[]
random,2,2,random-s42-f02-al96-random-20260820T103525062996Z,40,D,[],"[""A"",""C"",""D"",""E"",""F"",""G"",""I"",""K"",""L"",""M"",""N"",""Q"",""R"",""S"",""T"",""W"",""Y""]","[""C"",""G"",""I"",""K"",""M"",""N"",""Q"",""R"",""T"",""W"",""Y""]","[""A"",""C"",""E"",""F"",""G"",""I"",""K"",""L"",""M"",""N"",""Q"",""R"",""S"",""T"",""W"",""Y""]","[""C"",""G"",""I"",""K"",""M"",""N"",""Q"",""R"",""T"",""W"",""Y""]",[],[]
random,2,2,random-s42-f02-al96-random-20260820T103525062996Z,41,G,[],"[""A"",""C"",""D"",""E"",""F"",""G"",""H"",""I"",""K"",""L"",""M"",""N"",""Q"",""R"",""S"",""T"",""V"",""W"",""Y""]","[""A"",""C"",""D"",""F"",""K"",""N"",""Q"",""T"",""V"",""W"",""Y""]","[""A"",""C"",""D"",""E"",""F"",""H"",""I"",""K"",""L"",""M"",""N"",""Q"",""R"",""S"",""T"",""V"",""W"",""Y""]","[""A"",""C"",""D"",""F"",""K"",""N"",""Q"",""T"",""V"",""W"",""Y""]",[],[]
random,2,2,random-s42-f02-al96-random-20260820T103525062996Z,54,V,[],"[""C"",""E"",""F"",""G"",""I"",""L"",""M"",""N"",""P"",""R"",""S"",""T"",""V"",""W"",""Y""]","[""E"",""F"",""G"",""L"",""M"",""P"",""R"",""S"",""T"",""W""]","[""C"",""E"",""F"",""G"",""I"",""L"",""M"",""N"",""P"",""R"",""S"",""T"",""W"",""Y""]","[""E"",""F"",""G"",""L"",""M"",""P"",""R"",""S"",""T"",""W""]",[],[]
random,2,3,random-s42-f02-al96-random-20260820T103525062996Z,39,V,[],"[""A"",""C"",""E"",""F"",""G"",""H"",""I"",""L"",""M"",""Q"",""R"",""S"",""T"",""V"",""W"",""Y""]","[""A"",""E"",""I"",""L"",""M"",""Q"",""T"",""W"",""Y""]","[""A"",""C"",""E"",""F"",""G"",""H"",""I"",""L"",""M"",""Q"",""R"",""S"",""T"",""W"",""Y""]","[""A"",""E"",""I"",""L"",""M"",""Q"",""T"",""W"",""Y""]",[],[]
random,2,3,random-s42-f02-al96-random-20260820T103525062996Z,40,D,[],"[""C"",""D"",""E"",""F"",""H"",""I"",""K"",""L"",""M"",""N"",""Q"",""R"",""S"",""T"",""V"",""W"",""Y""]","[""C"",""E"",""H"",""I"",""K"",""L"",""M"",""N"",""T"",""V"",""Y""]","[""C"",""E"",""F"",""H"",""I"",""K"",""L"",""M"",""N"",""Q"",""R"",""S"",""T"",""V"",""W"",""Y""]","[""C"",""E"",""H"",""I"",""K"",""L"",""M"",""N"",""T"",""V"",""Y""]",[],[]
random,2,3,random-s42-f02-al96-random-20260820T103525062996Z,41,G,[],"[""C"",""D"",""E"",""F"",""G"",""H"",""I"",""L"",""M"",""N"",""P"",""Q"",""R"",""S"",""T"",""V"",""Y""]","[""C"",""D"",""E"",""F"",""G"",""I"",""M"",""N"",""P"",""S"",""T"",""V"",""Y""]","[""C"",""D"",""E"",""F"",""H"",""I"",""L"",""M"",""N"",""P"",""Q"",""R"",""S"",""T"",""V"",""Y""]","[""C"",""D"",""E"",""F"",""I"",""M"",""N"",""P"",""S"",""T"",""V"",""Y""]",[],[]
random,2,3,random-s42-f02-al96-random-20260820T103525062996Z,54,V,[],"[""A"",""E"",""F"",""G"",""H"",""I"",""K"",""L"",""N"",""P"",""R"",""S"",""T"",""V"",""W"",""Y""]","[""A"",""E"",""F"",""H"",""I"",""L"",""N"",""P"",""R"",""S"",""T"",""V""]","[""A"",""E"",""F"",""G"",""H"",""I"",""K"",""L"",""N"",""P"",""R"",""S"",""T"",""W"",""Y""]","[""A"",""E"",""F"",""H"",""I"",""L"",""N"",""P"",""R"",""S"",""T""]",[],[]
